Tweet,Tweet_Clear,TÃ¼r,YoÄŸunluk,label,score
regl sancÄ±sÄ±ndan yamularak kahve iÃ§en o kÄ±z..,regl sancÄ±sÄ±ndan yamularak kahve iÃ§en o kÄ±z,NÃ¶tr,0 - 25%,Negatif,0.9953740239143372
#bayrakli ÅŸirinyer  tamamen dÄ±ÅŸarÄ±da bÄ±rakÄ±ldÄ± ve yerine baÅŸka bir Ã§ay kaÅŸÄ±ÄŸÄ± kahve https://t.co/ceL7czNRtF,ÅŸirinyer tamamen dÄ±ÅŸarÄ±da bÄ±rakÄ±ldÄ± ve yerine baÅŸka bir Ã§ay kaÅŸÄ±ÄŸÄ± kahve,NÃ¶tr,0 - 25%,Negatif,0.9991484880447388
eÄŸer ben isteseydim ben dÃ¼nyanÄ±n en bÃ¼yÃ¼k aÅŸÄ±ÄŸÄ± olabilirdim ama iÅŸim var kahve iÃ§iyorumğŸ˜€ğŸ˜€ğŸ˜€ https://t.co/oobxwkSPwz,eÄŸer ben isteseydim ben dÃ¼nyanÄ±n en bÃ¼yÃ¼k aÅŸÄ±ÄŸÄ± olabilirdim ama iÅŸim var kahve iÃ§iyorum,NÃ¶tr,0 - 25%,Negatif,0.7779290676116943
@kvefsaneleri Biz kÄ±rk yÄ±ldÄ±r ne boÅŸuna kahve iÃ§tik ne boÅŸuna acÄ± Ã§ektik,biz kÄ±rk yÄ±ldÄ±r ne boÅŸuna kahve iÃ§tik ne boÅŸuna acÄ± Ã§ektik,NÃ¶tr,0 - 25%,Negatif,0.9268286228179932
@pvrisgay bence cok lÃ¼ks ve asiri bi kahvalti bende cogu zaman kahve bile olmuyor,bence Ã§ok lÃ¼ks ve aÅŸÄ±rÄ± bir kahvaltÄ± bende Ã§oÄŸu zaman kahve bile olmuyor,Negatif,%75 - %100,Negatif,0.9993441700935364
@sergioneer @turkoshitpost Sakin ol knk 5 saniyede dikiyon Ã¼stÃ¼ne su iÃ§iyon 10 saniyede biÅŸeyin kalmÄ±yo ama kassÄ±yonuz bu kahve olayÄ±nÄ± sanki 83717 tuÄŸla taÅŸÄ±yÄ±p alÄ±yon kÄ±zÄ± bi tuzlu kahve ney,sakin ol kanka saniyede dikiyorsun Ã¼stÃ¼ne su iÃ§iyorsun saniyede bireyin kalmÄ±yor ama kassiyonuz bu kahve olayÄ±nÄ± sanki tuÄŸla taÅŸÄ±yÄ±p alÄ±yorsun kÄ±zÄ± bir tuzlu kahve ney,NÃ¶tr,%25 - %50,Negatif,0.9972967505455017
"GÃ¼naydÄ±n rÃ¼yamda bahÃ§eliyle yenicumada kahve iÃ§iyoduk, bu hafta da saÃ§ma geÃ§icek belli oldu",gÃ¼naydÄ±n rÃ¼yamda bahÃ§eliyle yenicumada kahve iÃ§iyorduk bu hafta da saÃ§ma geÃ§ecek belli oldu,Pozitif,%75 - %100,Negatif,0.9953807592391968
"yatarken ÅŸunu ÅŸunu giyerim, ayaÄŸÄ±ma da bunu diye uyudum ama ruh halim hiÃ§ o kombine uymuyor, kahve elimde baÅŸÄ±mdaki havlu neredeyse dÃ¼ÅŸtÃ¼ dÃ¼ÅŸecek Ã¶yle dolaba bakÄ±yorum",yatarken ÅŸunu ÅŸunu giyerim ayaÄŸÄ±ma da bunu diye uyudum ama ruh halim hiÃ§ o kombine uymuyor kahve elimde baÅŸÄ±mdaki havlu neredeyse dÃ¼ÅŸtÃ¼ dÃ¼ÅŸecek Ã¶yle dolaba bakÄ±yorum,Pozitif,%25 - %50,Negatif,0.9986881613731384
@Haluk_Yurekli Hava limanÄ±nda denk gelmiÅŸ kahve iÃ§iyorlar ne var bunda ve TFF den sadece Hamit var hamite en alt tabakadan zaten sizin yÃ¼neticiler kahve Ä±smarlamasÄ±nÄ± bilmedikleri iÃ§in size ters geliyor bÃ¶yle ÅŸeyler,hava limanÄ±nda denk gelmiÅŸ kahve iÃ§iyorlar ne var bunda ve tff den sadece hamit var hÃ¢mite en alt tabakadan zaten sizin yÃ¶neticiler kahve Ä±smarlamasÄ±nÄ± bilmedikleri iÃ§in size ters geliyor bÃ¶yle ÅŸeyler,NÃ¶tr,0 - 25%,Negatif,0.9782481789588928
"@trtturku GÃ¼naydÄ±n PÄ±nar HanÄ±m. HoÅŸ geldiniz, sefalar getirdiniz. GeÃ§miÅŸ olsun.
SÄ±radaki tÃ¼rkÃ¼ler ""TRT TÃ¼rkÃ¼'nÃ¼n""birbirinden deÄŸerli ekibine, tÃ¼rkÃ¼ dostlarÄ±na, kÄ±zÄ±m Burcu'ya ve bana gelsin. HoÅŸÃ§a ve saÄŸlÄ±cakla kalÄ±nÄ±z. Kahve tadÄ±nda bir gÃ¼n olsun. https://t.co/DGKR1N6ghm",gÃ¼naydÄ±n pÄ±nar hanÄ±m hoÅŸ geldiniz sefalar getirdiniz geÃ§miÅŸ olsun sÄ±radaki tÃ¼rkÃ¼ler t tÃ¼rkÃ¼ nÃ¼n birbirinden deÄŸerli ekibine tÃ¼rkÃ¼ dostlarÄ±na kÄ±zÄ±m burcu ya ve bana gelsin hoÅŸÃ§a ve saÄŸlÄ±cakla kalÄ±n kahve tadÄ±nda bir gÃ¼n olsun,Pozitif,%25 - %50,Pozitif,0.8957515954971313
@EnesOkullu @turkoshitpost Sakin ol knk 5 saniyede dikiyon Ã¼stÃ¼ne su iÃ§iyon 10 saniyede biÅŸeyin kalmÄ±yo ama kassÄ±yonuz bu kahve olayÄ±nÄ± sanki 83717 tuÄŸla taÅŸÄ±yÄ±p alÄ±yon kÄ±zÄ± bi tuzlu kahve ney,sakin ol kanka saniyede dikiyorsun Ã¼stÃ¼ne su iÃ§iyorsun saniyede bireyin kalmÄ±yor ama kassiyonuz bu kahve olayÄ±nÄ± sanki tuÄŸla taÅŸÄ±yÄ±p alÄ±yorsun kÄ±zÄ± bir tuzlu kahve ney,NÃ¶tr,%25 - %50,Negatif,0.9972967505455017
Herkesin gÃ¼nÃ¼ kendi kahvesinin tadÄ± gibi olsun :)) Ben kahve olmayan okulda dÃ¶nemi bitiriyorum bugÃ¼n ğŸ˜„ğŸ˜„ğŸ˜„GÃ¼naydÄ±nâ˜•ï¸â˜•ï¸,herkesin gÃ¼nÃ¼ kendi kahvesinin tadÄ± gibi olsun ben kahve olmayan okulda dÃ¶nemi bitiriyorum bugÃ¼n gÃ¼naydÄ±n,NÃ¶tr,0 - 25%,Pozitif,0.9458784461021423
"gunaydin tiviti atmadan gÃ¼ne baslayamiyomusum bir de kahve icmeden â˜•ï¸ gunaydiiinnnğŸª» yeni gunde ÅŸifa bekleyenlere ÅŸifa, huzur bekleyenlere huzur, haber bekleyenlere hayÄ±rlÄ± haberler nasip et AllahÄ±m Amin",gÃ¼naydÄ±n diviti atmadan gÃ¼ne baÅŸlayamÄ±yormuÅŸum bir de kahve iÃ§meden gÃ¼naydÄ±n yeni gÃ¼nde ÅŸifa bekleyenlere ÅŸifa huzur bekleyenlere huzur haber bekleyenlere hayÄ±rlÄ± haberler nasip et allahÄ±m amin,Pozitif,%50 - %75,Negatif,0.6172279715538025
"GÃ¼naydÄ±n yeni hafta
Bence kahve de yetmez ama uyandÄ±k iÅŸte",gÃ¼naydÄ±n yeni hafta bence kahve de yetmez ama uyandÄ±k iÅŸte,Pozitif,%50 - %75,Pozitif,0.6560034155845642
"Gunaydin
Kahve.
Saglikli, huzurlu ve basarili bir gun ve hafta olsun.
â˜•ğŸ€",gÃ¼naydÄ±n kahve saÄŸlÄ±klÄ± huzurlu ve baÅŸarÄ±lÄ± bir gÃ¼n ve hafta olsun,Pozitif,%50 - %75,Pozitif,0.9554400444030762
"148km/sa hÄ±zla gÃ¶z yarÄ± aÃ§Ä±k ÅŸekilde hastaneye saÄŸsalim gelindiğŸ¤²ğŸ»
Vizit atÄ±ldÄ±, dayÄ±lara selam verildi ğŸ‘‰ğŸ»
Kahve eÅŸliÄŸinde faÃ§e dr baboÅŸlar finans okumalarÄ± ve ele verilen kaÄŸÄ±tlar incelendiâœ… 
Knkilerle gÃ¶t donarak sigara Ã§ayğŸ‘ŒğŸ»
Ameliyathanede ortam kolaÃ§an edildiğŸ¤›ğŸ»
BaÅŸlÄ±yoruz ğŸ”ª",km ÅŸa hÄ±zla gÃ¶z yarÄ± aÃ§Ä±k ÅŸekilde hastaneye saÄŸsalÄ±m gelinildi vizite atÄ±ldÄ± dayÄ±lara selam verildi kahve eÅŸliÄŸinde face dr BabaÅŸ'lar finans okumalarÄ± ve ele verilen kaÄŸÄ±tlar incelenildi ankilerle gÃ¶t donarak sigara Ã§ay ameliyathanede ortam kolaÃ§an edildi baÅŸlÄ±yoruz,NÃ¶tr,0 - 25%,Pozitif,0.8278353810310364
@rashida_a_va balzac kahve baÄŸÄ±mlÄ±sÄ± ya...,balzac kahve baÄŸÄ±mlÄ±sÄ± ya,NÃ¶tr,0 - 25%,Pozitif,0.5437538027763367
bilistex sÃ¼rÃ¼p kahve iÃ§ince vicks yemiÅŸ gibi oluyorum,biliÅŸte sÃ¼rÃ¼p kahve iÃ§ince vicks yemiÅŸ gibi oluyorum,NÃ¶tr,0 - 25%,Negatif,0.7634130120277405
Feto'ya Ã¼rgÃ¼te destek veren her kim olursa olsun o hayÄ±rlÄ±k yaparlar bizden deÄŸildir onlar bir kahve Ã§ocuklarÄ± ermenidir bayraÄŸÄ±mÄ±za vatanÄ±mÄ±za yanlÄ±ÅŸ yapan bizden deÄŸildir Allah hayÄ±rlÄ± yapanlara kahretsin periÅŸan eylesin inÅŸallah amin ya Allah bismillah Allahu Ekber amin amin,fetÃ¶ ya Ã¶rgÃ¼te destek veren her kim olursa olsun o hayÄ±rlÄ±k yaparlar bizden deÄŸildir onlar bir kahve Ã§ocuklarÄ± ermenidir bayraÄŸÄ±mÄ±za vatanÄ±mÄ±za yanlÄ±ÅŸ yapan bizden deÄŸildir allah hayÄ±rlÄ± yapanlara kÃ¢hretsin periÅŸan eylesin inÅŸallah amin ya allah bismillah Allah ekber amin amin,NÃ¶tr,%75 - %100,Pozitif,0.9090133309364319
@leyan_kahve AldatÄ±lmak ilk sÄ±rada olmak o eskidendi akillandÄ±k inancindayimğŸ˜Š aÅŸk sevgi boÅŸ en gÃ¼zeli mantÄ±k sevildigin sÃ¼rece no sÄ±kÄ±ntÄ± ğŸ¤«ğŸ¤­ğŸ˜,aldatÄ±lmak ilk sÄ±rada olmak o eskidendi akÄ±llandÄ±k inanÃ§Ä±ndayÄ±m aÅŸk sevgi boÅŸ en gÃ¼zeli mantÄ±k sevildiÄŸin sÃ¼rece no sÄ±kÄ±ntÄ±,Pozitif,%50 - %75,Negatif,0.9509549736976624
"GÃ¼naydÄ±n turunÃ§ yapraklarÄ±m, kalkÄ±n kahve iÃ§eceÄŸiz",gÃ¼naydÄ±n turunÃ§ yapraklarÄ±m kalkÄ±n kahve iÃ§eceÄŸiz,Pozitif,%50 - %75,Negatif,0.9121910929679871
"Ofise giderken kavimler gÃ¶Ã§Ã¼nÃ¼ yine yeniden yaÅŸÄ±yorum. Yol iÃ§in su, termosa kahve, kahvaltÄ±, Ã¶ÄŸlen yemeÄŸi, meyve, bahÃ§edeki kedilere mama, havanÄ±n aydÄ±nlÄ±k olduÄŸu zamanlarda yolda okumalÄ±k kitap...
Bunlar bilgisayarÄ±m hariÃ§ taÅŸÄ±dÄ±klarÄ±m ğŸ¥²",ofise giderken kavimler gÃ¶Ã§Ã¼nÃ¼ yine yeniden yaÅŸÄ±yorum yol iÃ§in ÅŸu termosa kahve kahvaltÄ± Ã¶ÄŸlen yemeÄŸi meyve bahÃ§edeki kedilere mama havanÄ±n aydÄ±nlÄ±k olduÄŸu zamanlarda yolda okumalÄ±k kitap bunlar bilgisayarÄ±m hariÃ§ taÅŸÄ±dÄ±klarÄ±m,NÃ¶tr,0 - 25%,Negatif,0.9346427321434021
YakÄ±n arkadasÄ±mla kahve eÅŸliÄŸinde 38 saat konuÅŸmam gereken konuyu 600 kmlik bir mesafe yÃ¼zÃ¼nden bu ÅŸekilde ifade etmek zorunda kalmam da Ä±ÅŸÄ±nlanmayÄ± bulamayan bilim insanlarÄ±nÄ±n ayÄ±bÄ± bence.,yakÄ±n arkadaÅŸÄ±mla kahve eÅŸliÄŸinde saat konuÅŸmam gereken konuyu kimlik bir mesafe yÃ¼zÃ¼nden bu ÅŸekilde ifade etmek zorunda kalmam da Ä±ÅŸÄ±nlanmayÄ± bulamayan bilim insanlarÄ±nÄ±n ayÄ±bÄ± bence,Negatif,%25 - %50,Negatif,0.9987015724182129
kahve iÃ§ Charlie ile oyun oyna sabah olsun mÃ¼thiÅŸÅŸiÅŸ,kahve iÃ§ charlie ile oyun oyna sabah olsun mÃ¼thiÅŸsin,Pozitif,%25 - %50,Pozitif,0.9971605539321899
"ÃœnlÃ¼lerin Cilt BakÄ±m SÄ±rlarÄ±
https://t.co/9zaD82VG4a

#AngelinaJolie #BalÄ±kYumurtasÄ± #CiltBakÄ±mÄ± #CindyCrawford #DebraMessing #ElmaSirkesi #Estetik #EvaLongoria #HalleBerry #JuliaRoberts #Kahve #KimKardashian #KuÅŸDÄ±ÅŸkÄ±sÄ± #Plasenta #ScarlettJohansson #SÃ¼t #YÄ±lanZehri #Yosun https://t.co/80Z5oPjyjI",Ã¼nlÃ¼lerin cilt bakÄ±m sÄ±rlarÄ±,NÃ¶tr,0 - 25%,Pozitif,0.9936749339103699
GÃ¼naydÄ±n millet bi kahve ? https://t.co/cVudTC5jeY,gÃ¼naydÄ±n millet bir kahve,Pozitif,%50 - %75,Pozitif,0.9659625291824341
"kahve ğŸŒ»ğŸŒ¼ Yeni Adresimiz  https://t.co/T2jYGa6BKW

ğŸŒ»ğŸŒ¼ Bonus KazanmayÄ± Unutma 

ğŸŒ»ğŸŒ¼ TÄ±kla Ãœye Ve Sende Bonus Kazan 

ğŸŒ»ğŸŒ¼ #safirbet rengi  https://t.co/hBi6SBPa8O",kahve yeni adresimiz bonus kazanmayÄ± unutma tÄ±kla Ã¼ye ve sende bonus kazan rengi,Pozitif,%25 - %50,Pozitif,0.9806272387504578
@beriaekincii BÄ±rakma kahve Ã§ok gÃ¼zel bir ÅŸey,bÄ±rakma kahve Ã§ok gÃ¼zel bir ÅŸey,Pozitif,%75 - %100,Pozitif,0.8445665836334229
"@evrenalankus @ilavetvArif07 @gokhanozbek @yirmiucderece @sabansevinc2 @MstSelanik @srkntnyldz @ruh_adam_reissp O mÃ¼cadele trollerle verilmiyor.
 Markete gidince, faturalar gelince, vergiler binince, yola Ã§Ä±kÄ±lÄ±nca, hasta olunca,eczaneye ugrayÄ±nca, bir kahve iÃ§ilince anlaÅŸÄ±lÄ±yor.
BunlarÄ± da bu saatten sonra dÃ¼zeltemeyeceginize gÃ¶re !!",o mÃ¼cadele trollerle verilmiyor markete gidince faturalar gelince vergiler binince yola Ã§Ä±kÄ±lÄ±nca hasta olunca eczaneye uÄŸrayÄ±nca bir kahve iÃ§ilince anlaÅŸÄ±lÄ±yor bunlarÄ± da bu saatten sonra dÃ¼zeltemeyeceÄŸinize gÃ¶re,Negatif,%75 - %100,Negatif,0.915184736251831
@BeMina27 kahve var mÄ±â˜•,kahve var mÄ±,NÃ¶tr,0 - 25%,Pozitif,0.7212579250335693
Bu kahve bi beni mi ayÄ±ltmÄ±yo? 20 bardak iÃ§tim amuha,bu kahve bir beni mi ayÄ±ltmÄ±yor bardak iÃ§tim amuda,NÃ¶tr,0 - 25%,Negatif,0.934205949306488
Kalbimin varlÄ±ÄŸÄ±nÄ± teyit etmek iÃ§in arada bir koyu kahve iÃ§iyorum ben de https://t.co/cg7MddLYKO,kalbimin varlÄ±ÄŸÄ±nÄ± teyit etmek iÃ§in arada bir koyu kahve iÃ§iyorum ben de,Negatif,%25 - %50,Pozitif,0.6907157301902771
"YÃ¼reÄŸiyle konuÅŸan insanlar olsun hayatÄ±nÄ±zda 
GÃ¼zel bakÄ±ÅŸlarÄ±yla sÄ±cak iÃ§ten ve samimi 
Bir kahve iÃ§imlik sohbetleriyle iÃ§inizi Ä±sÄ±tan 
Mutlu PAZARTESÄ° 
Gâ¤ï¸Ãœâ¤ï¸Nâ¤ï¸Aâ¤ï¸Yâ¤ï¸Dâ¤ï¸Iâ¤ï¸N 
ğŸ’™ğŸ¤— https://t.co/Fz37DMp8HV",yÃ¼reÄŸiyle konuÅŸan insanlar olsun hayatÄ±nÄ±zda gÃ¼zel bakÄ±ÅŸlarÄ±yla sÄ±cak iÃ§ten ve samimi bir kahve iÃ§imlik sohbetleriyle iÃ§inizi Ä±sÄ±tan mutlu pazartesi gÃ¼naydÄ±n,Pozitif,%75 - %100,Pozitif,0.8765959739685059
@Nuryenigun3 Ã‡ay nedir ya? Mis gibi kahve varken? Teyzem eve gelirse demlemek Ã¼zere Ã§ay teÅŸkilatÄ± var evimde. Ondan hariÃ§ dolapta durur Ã¶yle.,Ã§ay nedir ya mis gibi kahve varken teyzem eve gelirse demlemek Ã¼zere Ã§ay teÅŸkilatÄ± var evimde ondan hariÃ§ dolapta durur Ã¶yle,NÃ¶tr,0 - 25%,Negatif,0.9071438908576965
"ğŸ¥º KÄ±yafeti ve tasmasÄ±yla dÄ±ÅŸarÄ±ya Ã§Ä±kÄ±p kahve keyfi yapabiliyor, kÃ¶pek gibi bir kedi. 
ğŸ“ Ä°letiÅŸim: 0541 919 57 50 https://t.co/fk00rXeC4U",kÄ±yafeti ve taÅŸmasÄ±yla dÄ±ÅŸarÄ± Ã§Ä±kÄ±p kahve keyfi yapabiliyor kÃ¶pek gibi bir kedi iletiÅŸim,Pozitif,%50 - %75,Pozitif,0.9874433875083923
HAÅHAÅLI 3 PEYNÄ°RLÄ° + BÃœYÃœK BOY KAHVE 85 LÄ°RA OLMUÅ .. ANANI BACINI @StarbucksTR,haÅŸhaÅŸlÄ± peynirli bÃ¼yÃ¼k boy kahve lira olmuÅŸ ananÄ± bacÄ±nÄ±,Pozitif,%25 - %50,Negatif,0.9985290765762329
kahve iÃ§mekten zevk alan insanlarÄ± artÄ±k hiÃ§ hiÃ§ hiÃ§ anlayamicam resmen iÅŸkence bu ne ya,kahve iÃ§mekten zevk alan insanlarÄ± artÄ±k hiÃ§ hiÃ§ hiÃ§ anlayamam resmen iÅŸkence bu ne ya,Pozitif,%50 - %75,Negatif,0.9972955584526062
En az benim kadar kahve baÄŸÄ±mlÄ±sÄ± birine ihtiyacÄ±m var en acilinden,en az benim kadar kahve baÄŸÄ±mlÄ±sÄ± birine ihtiyacÄ±m var en acilinden,Pozitif,0 - 25%,Negatif,0.9522125720977783
"SevgililergÃ¼nÃ¼nde gidip iki bilet alacaÄŸÄ±m,Titanik Ã§Ä±kÄ±yo malum.Yeni Kamer ve Aymira gÃ¼ncellensin diye yapÄ±cam bunu var ya.Gidip verecem,gel torunlarÄ±mÄ±n dedesi ol diyecem.Olmazsa simdiden belasÄ±nÄ± belledim.Her gÃ¶rdÃ¼ÄŸÃ¼m yerde kahve dÃ¶kecem Ã¼stÃ¼ne,niye diye sorarsa fenerlisindicem https://t.co/LLgm5l0Tu7",sevgililergÃ¼nÃ¼nde gidip iki bilet alacaÄŸÄ±m titanik Ã§Ä±kÄ±yor malum yeni kamer ve Amira gÃ¼ncellensin diye yapacaÄŸÄ±m bunu var ya gidip vereceÄŸim gel torunlarÄ±mÄ±n dedesi ol diyecek olmazsa ÅŸimdiden belasÄ±nÄ± belledim her gÃ¶rdÃ¼ÄŸÃ¼m yerde kahve dÃ¶keceÄŸim Ã¼stÃ¼ne niye diye sorarsa fenerlisindicem,Pozitif,%25 - %50,Negatif,0.9919702410697937
"Ã–zet olmuÅŸ
""Evinde hÄ±rka giymeden oturan, meyve sebzeyi taneyle deÄŸil kiloyla alan, Ä±ÅŸÄ±klarÄ± kapatmadan tv seyreden, canÄ± Ã§ektiÄŸinde bir kafede oturup Ã§ay kahve iÃ§ebilen zengindir artÄ±k. Zenginlik tanÄ±mÄ± deÄŸiÅŸti""",Ã¶zet olmuÅŸ evinde hÄ±rka giymeden oturan meyve sebzeyi taneyle deÄŸil kiloyla alan Ä±ÅŸÄ±klarÄ± kapatmadan tv seyreden canÄ± Ã§ektiÄŸinde bir kafede oturup Ã§ay kahve iÃ§ebilen zengindir artÄ±k zenginlik tanÄ±mÄ± deÄŸiÅŸti,Pozitif,%50 - %75,Pozitif,0.84969562292099
@bernalacin35 Bir kahve iÃ§meye zamanÄ±nÄ±z varsa bekleriz. https://t.co/aRhyCf58Ad,bir kahve iÃ§meye zamanÄ±nÄ±z varsa bekleriz,NÃ¶tr,0 - 25%,Negatif,0.866888165473938
GÃ¼naydÄ±n kahve milletinin insanlarÄ± hadi iÅŸe gidelim ğŸ˜ https://t.co/1ZoxTDzvkI,gÃ¼naydÄ±n kahve milletinin insanlarÄ± hadi iÅŸe gidelim,Pozitif,%50 - %75,Negatif,0.960090160369873
Uyumamak iÃ§in o kadar kahve iÃ§tim ki midem delindi galiba,uyumamak iÃ§in o kadar kahve iÃ§tim ki midem delinildi galiba,Pozitif,0 - 25%,Negatif,0.9926677346229553
@siirsozu Kahve iÃ§erken ve mÃ¼zik dinlerken iyice strese giriyorum.,kahve iÃ§erken ve mÃ¼zik dinlerken iyice strese giriyorum,NÃ¶tr,0 - 25%,Negatif,0.9948582649230957
"Stresten midem bulanio kahve bile icemedim..
Bu kadar sorumlu hissetmek ne diye,hayatta hersey oluyor bir sekilde",stresten midem bulanio kahve bile iÃ§emedim bu kadar sorumlu hissetmek ne diye hayatta herÅŸey oluyor bir ÅŸekilde,Pozitif,%50 - %75,Negatif,0.9975001215934753
"GÃ¼naydÄ±n, mutfaÄŸa kahve almaya gittim ve kahve almadan geri dÃ¶ndÃ¼m. GÃ¼naydÄ±n.",gÃ¼naydÄ±n mutfaÄŸa kahve almaya gittim ve kahve almadan geri dÃ¶ndÃ¼m gÃ¼naydÄ±n,Pozitif,%25 - %50,Negatif,0.7699732780456543
kalÄ±yorum %99 ama yine de kahve Ä±smarlarÄ±m cebimden mi gidiyor canÄ±mdan gidiyor,kalÄ±yorum ama yine de kahve Ä±smarlarÄ±m cebimden mi gidiyor canÄ±mdan gidiyor,NÃ¶tr,0 - 25%,Negatif,0.9940179586410522
@bcrklie Kahve kahve,kahve kahve,NÃ¶tr,0 - 25%,Negatif,0.6743106842041016
"AVM ye gittik 3 kahve ve 2 de kÃ¼Ã§Ã¼k tatlÄ± yedik ve 209 lira Ã¶deyerek Ã§Ä±ktÄ±k birileri Ã¼cretlerin farkÄ±nda deÄŸil galiba vekil alÄ±yor memur yaya kalÄ±yor ise hakkÄ± kimden isteyeceÄŸiz oy kullanmayacaÄŸÄ±m seÃ§im de beni alakadar etmiyor bu saatten sonra 
#EmekAyniMaasFarkli",avm ye gittik kahve ve de kÃ¼Ã§Ã¼k tatlÄ± yedik ve lira Ã¶deyerek Ã§Ä±ktÄ±k birileri Ã¼cretlerin farkÄ±nda deÄŸil galiba vekil alÄ±yor memur yaya kalÄ±yor ise hakkÄ± kimden isteyeceÄŸiz oy kullanmayacaÄŸÄ±m seÃ§im de beni alakadar etmiyor bu saatten sonra,Pozitif,%25 - %50,Negatif,0.9919924736022949
@pintipanda 6:30 da baÅŸlÄ±yor alarm kurup da kalktÄ±m Ã§ay kahve hazÄ±rÄ±m,da baÅŸlÄ±yor alarm kurup da kalktÄ±m Ã§ay kahve hazÄ±rÄ±m,NÃ¶tr,0 - 25%,Pozitif,0.9707521200180054
"____Cezvede ki kahve gibidir insan, ______TaÅŸÄ±rmamak lazÄ±m...

             GÃ¼naydÄ±nâ˜ºï¸â˜•ï¸ https://t.co/03aR3e7Dp2",cezvede ki kahve gibidir insan taÅŸÄ±rmamak lazÄ±m gÃ¼naydÄ±n,NÃ¶tr,0 - 25%,Pozitif,0.8996821045875549
@i_zey_ Ilk maaÅŸla kendime kahve ve Ã§ikolata almÄ±ÅŸtÄ±m,ilk maaÅŸla kendime kahve ve Ã§ikolata almÄ±ÅŸtÄ±m,Pozitif,%25 - %50,Negatif,0.9123021364212036
Eveeet  dogum gunumu paylastigim Ã¼nlÃ¼yÃ¼ suraya birakirken birer kahve alir miyiz ğŸ˜â˜•ğŸ’ŠğŸ›ğŸš¬ https://t.co/66okYGFm46 https://t.co/McdB7TZH27,evet doÄŸum gÃ¼nÃ¼mÃ¼ paylaÅŸtÄ±ÄŸÄ±m Ã¼nlÃ¼yÃ¼ ÅŸuraya bÄ±rakÄ±rken birer kahve alÄ±r mÄ±yÄ±z,NÃ¶tr,0 - 25%,Pozitif,0.786345362663269
2 hafta aradan sonra sabah namazÄ± vaktinin Ã§Ä±kmasÄ±na yarÄ±m saat kala okulunda olmasÄ± gereken bir birey iÃ§in bÃ¼yÃ¼ÄŸÃ¼nden bir kahve.. https://t.co/GXKiw5IhOP,hafta aradan sonra sabah namazÄ± vaktinin Ã§Ä±kmasÄ±na yarÄ±m saat kala okulunda olmasÄ± gereken bir birey iÃ§in bÃ¼yÃ¼ÄŸÃ¼nden bir kahve,NÃ¶tr,%25 - %50,Negatif,0.9410556554794312
Uykum aÃ§Ä±lsÄ±n diye 5 dakikalÄ±ÄŸÄ±na kahve iÃ§meye gittiÄŸim arkadaÅŸÄ±mÄ±n yanÄ±ndan 2 saat sonra odama dÃ¶nÃ¼ÅŸ yaptÄ±m ğŸ¤ŒğŸ¼,uykum aÃ§Ä±lsÄ±n diye dakikalÄ±ÄŸÄ±na kahve iÃ§meye gittiÄŸim arkadaÅŸÄ±mÄ±n yanÄ±ndan saat sonra odama dÃ¶nÃ¼ÅŸ yaptÄ±m,NÃ¶tr,%25 - %50,Negatif,0.9505537152290344
https://t.co/s12gzKj6Mz Polisler #Ã‡erkezkÃ¶y gÃ¶z dÃ¶ktÃ¼m. bombalarÄ± kahve iyisinizdir.,polisler gÃ¶z dÃ¶ktÃ¼m bombalarÄ± kahve Ä±yisinizdir,NÃ¶tr,0 - 25%,Negatif,0.9694225192070007
Tam da baÄŸÄ±mlÄ±lÄ±ÄŸÄ±mdan kurtulacak gibiyken bÃ¼nyeye verdiÄŸim bir gÃ¼nde 8 fincan kahve ÅŸoku,tam da baÄŸÄ±mlÄ±lÄ±ÄŸÄ±mdan kurtulacak gibiyken bÃ¼nyeye verdiÄŸim bir gÃ¼nde fincan kahve ÅŸoku,NÃ¶tr,0 - 25%,Negatif,0.9948045611381531
"NÃ¶bette oturup kahve iÃ§ip trafik Ã§alÄ±ÅŸÄ±yorum 
Araclar yayalar hayvanlarÄ±n yol Ã¼zerindeki hal ve hareketlerine trafik denir evet 
#gunaydin
#pazartesi",nÃ¶bette oturup kahve iÃ§ip trafik Ã§alÄ±ÅŸÄ±yorum araÃ§lar yayalar hayvanlarÄ±n yol Ã¼zerindeki hal ve hareketlerine trafik denir evet,NÃ¶tr,0 - 25%,Negatif,0.5078157186508179
"@se3rap Sohbet ve muhabbetle gÃ¼zel bir yolculuk olur.
Radyodan  birilerini dinlemektense, Radyoyu veya mÃ¼ziÄŸi kapatÄ±r hanÄ±mÄ±mÄ± dinlerim.
Gerginlik hat safaya Ã§Ä±kmÄ±ÅŸ ise en yakÄ±n Ã§iÃ§ekciye Ã§eker gÃ¼l alÄ±r yemek Ã§ay kahve ikramÄ± peÅŸinden mÃ¼kemmel bir yolculuÄŸa devam edilebilir.",sohbet ve muhabbetle gÃ¼zel bir yolculuk olur radyodan birilerini dinlemektense radyoyu veya mÃ¼ziÄŸi kapatÄ±r hanÄ±mÄ±mÄ± dinlerim gerginlik hat safaya Ã§Ä±kmÄ±ÅŸ ise en yakÄ±n Ã§iÃ§ekÃ§iye Ã§eker gÃ¼l alÄ±r yemek Ã§ay kahve ikramÄ± peÅŸinden mÃ¼kemmel bir yolculuÄŸa devam edilebilir,Pozitif,%75 - %100,Pozitif,0.9736314415931702
1 hafta boyunca tÃ¼m gÃ¼n kahve yapÄ±p iÃ§icek ama inatla evden de kahve iÃ§meden Ã§Ä±kmayan o kÄ±z djsjsj,hafta boyunca tÃ¼m gÃ¼n kahve yapÄ±p Ã§iÃ§ek ama inatla evden de kahve iÃ§meden Ã§Ä±kmayan o kÄ±z djsjsj,NÃ¶tr,0 - 25%,Negatif,0.5429904460906982
"@Darkwebhaber Hey gidi be analar neler doÄŸuruyo,kahve de yapÄ±yo mu",hey gidi be analar neler doÄŸuruyor kahve de yapÄ±yor mu,NÃ¶tr,0 - 25%,Negatif,0.9857537746429443
kahveden nefret eden gerizekalÄ± ben saat 9da sÄ±navÄ±m varken bugun kahve iÃ§tim ve sonuÃ§ olarak ÅŸu an zombi gibi ayaktayÄ±m aÄŸlicam 45 dk sonra uyanmam gerekiyo,kahveden nefret eden gerizekalÄ± ben saat da sÄ±navÄ±m varken bugÃ¼n kahve iÃ§tim ve sonuÃ§ olarak ÅŸu an zombi gibi ayaktayÄ±m aÄŸlÄ±ca dk sonra uyanmam gerekiyor,Negatif,%75 - %100,Negatif,0.9988725781440735
"kahve ğŸ° Åimdi Ãœye Ol Ve SÃ¼per Bonuslar Kazan! 

ğŸ° Hemen Ã¼ye ol ğŸ‘‰  https://t.co/KUNviWmsLH

ğŸ° Bonus ile istediÄŸini oyunu oyna ve sende kazan... parmakmamÄ±ÅŸlar  https://t.co/0RGapXOw2L",kahve ÅŸimdi Ã¼ye ol ve sÃ¼per bonuslar kazan hemen Ã¼ye ol bonus ile istediÄŸini oyunu oyna ve sende kazan parmaklamÄ±ÅŸlar,Pozitif,%25 - %50,Pozitif,0.9959543943405151
@bengistark kahve ve bir takÄ±m iÅŸler molasÄ±,kahve ve bir takÄ±m iÅŸler molasÄ±,NÃ¶tr,0 - 25%,Pozitif,0.7796609997749329
#buca alsancak  FarklÄ± kahve makinesi modellerinin sayÄ±sÄ± neredeyse ÅŸaÅŸÄ±rtÄ±cÄ±. https://t.co/cS9A462WVc,alsancak farklÄ± kahve makinesi modellerinin sayÄ±sÄ± neredeyse ÅŸaÅŸÄ±rtÄ±cÄ±,Pozitif,%75 - %100,Negatif,0.9859263896942139
@gudtva1 @YouTube Birazdan o kahve daha her yer kapalÄ±,birazdan o kahve daha her yer kapalÄ±,NÃ¶tr,0 - 25%,Pozitif,0.9817187190055847
Kocamla kahve iÃ§ip dedikodu datesi yapmak&gt;DiÄŸer aktiviteler,kocamla kahve iÃ§ip dedikodu datesi yapmak diÄŸer aktiviteler,NÃ¶tr,0 - 25%,Pozitif,0.8793534636497498
Elimi attÄ±ÄŸÄ±m her yer kahve,elimi attÄ±ÄŸÄ±m her yer kahve,NÃ¶tr,0 - 25%,Pozitif,0.9943007230758667
@ipeklibocek Kahve sÃ¼tlÃ¼,kahve sÃ¼tlÃ¼,NÃ¶tr,0 - 25%,Negatif,0.9909012317657471
@sefaorkunn Kahve,kahve,NÃ¶tr,0 - 25%,Negatif,0.6650433540344238
"HayÄ±r hayÄ±r hayÄ±r, ben baÄŸÄ±mlÄ± deÄŸilim. Sadece kahve ile, yemekten sonra, ve alkol ile kullanÄ±yorum. Yani sabah 2, Ã¶ÄŸlen 2, ve akÅŸam kalanÄ±nÄ±.",hayÄ±r hayÄ±r hayÄ±r ben baÄŸÄ±mlÄ± deÄŸilim sadece kahve ile yemekten sonra ve alkol ile kullanÄ±yorum yani sabah Ã¶ÄŸlen ve akÅŸam kalanÄ±nÄ±,Pozitif,%50 - %75,Negatif,0.9859566688537598
Sigara kahve loÅŸ Ä±ÅŸÄ±k ve betÃ¼l muazzam dost ortamÄ±mdayÄ±m iyi geceler,sigara kahve loÅŸ Ä±ÅŸÄ±k ve betÃ¼l muazzam dost ortamÄ±mdayÄ±m iyi geceler,Pozitif,%50 - %75,Negatif,0.7348482012748718
Ä°lk kahve.,ilk kahve,Pozitif,%25 - %50,Pozitif,0.8083804249763489
@ernerkc 15 yumurtayi keyfine yiyorum @montagwastaken sigara kahve devam ediyor https://t.co/8I6cip73zN,yumurtayÄ± keyfine yiyorum sigara kahve devam ediyor,Pozitif,%50 - %75,Negatif,0.9019665122032166
"Ä°kinci kahve hafif Ã§arpÄ±ntÄ± yapmakla birlikte uykumu gram aÃ§madÄ±, aksine baÅŸÄ±ma aÄŸrÄ± saplandÄ±. Benden bu kadar dostlar teletabiler iÃ§in uyku vakti",ikinci kahve hafif Ã§arpÄ±ntÄ± yapmakla birlikte uykumu gram aÃ§madÄ± aksine baÅŸÄ±ma aÄŸrÄ± saplandÄ± benden bu kadar dostlar teletabiler iÃ§in uyku vakti,NÃ¶tr,0 - 25%,Negatif,0.9991686344146729
"@SelemeNarin Son paylaÅŸÄ±mda gerizekali sapiklara yorum yapacaktm hevesim kursaÄŸÄ±mda kaldÄ±.neyse burda sakinledim dua edeyim bari..Allah kocanla seni basayevle haÅŸretsin firdevslerde, karÅŸÄ±lÄ±klÄ± kahve iÃ§in  inÅŸallah bÄ±rak gÃ¶zÃ¼ kalbimizin cicegiyle...ay yok sinirim gecmiyo.",son paylaÅŸÄ±mda gerizekalÄ± sapÄ±klara yorum yapacaktÄ±m hevesim kursaÄŸÄ±mda kaldÄ± neyse burada sakinledim dua edeyim bari allah kocanla seni basayevle hasretsin firdevslerde karÅŸÄ±lÄ±klÄ± kahve iÃ§in inÅŸallah bÄ±rak gÃ¶zÃ¼ kalbimizin Ã§iÃ§eÄŸiyle ay yok sinirim geÃ§miyor,Negatif,%50 - %75,Negatif,0.9988120794296265
pythonÄ± geÃ§ersem beÄŸenen bir kiÅŸiye kahve Ä±smarlÄ±yorum (americano ile sÄ±nÄ±rlÄ±dÄ±r),Python geÃ§ersem beÄŸenen bir kiÅŸiye kahve Ä±smarlÄ±yorum America'na ile sÄ±nÄ±rlÄ±dÄ±r,NÃ¶tr,0 - 25%,Pozitif,0.5260317921638489
Kim bana sÄ±navdan Ã¶nceki gece kahve iÃ§ dedi al iÅŸte uyuyamÄ±yorum,kim bana sÄ±navdan Ã¶nceki gece kahve iÃ§ dedi al iÅŸte uyuyamÄ±yorum,NÃ¶tr,0 - 25%,Negatif,0.9905038475990295
"Ferit : cevap vermek zorunda deÄŸilsi-
Seyran : biz, Anteptey'ken sofraya oturmamÄ±za izin verilmezdi..sofrada kalan artÄ±klarÄ± yerdik bu yÃ¼zden de yiyemezdim hatta bi keresinde hattuÃ§ halam dolabÄ±n anahtarÄ±nÄ± vermiÅŸti anneme kahve yanÄ±nda Ã§ikolata yemek iÃ§in..#YalÄ±Ã‡apkÄ±nÄ± #SeyFer +",ferit cevap vermek zorunda deÄŸilsin seyran biz antepteyken sofraya oturmamÄ±za izin verilmezdi sofrada kalan artÄ±klarÄ± yerdik bu yÃ¼zden de yiyemezdim hatta bir keresinde hartuÃ§ halam dolabÄ±n anahtarÄ±nÄ± vermiÅŸti anneme kahve yanÄ±nda Ã§ikolata yemek iÃ§in yalÄ±Ã§apkÄ±nÄ±,NÃ¶tr,%75 - %100,Negatif,0.801870584487915
"falÄ±ya kahve ğŸ’¶ En BÃ¼yÃ¼k BonuslarÄ±n ADRESi #meritking

ğŸ’¶ Ãœyel Ol ve BÃ¼yÃ¼k Zaferin TadÄ±nÄ± Ã‡Ä±kar

ğŸ’¶ Meritking GiriÅŸÂ â¡    https://t.co/tyNs7qefAQ gizli karikatÃ¼rcÃ¼Ã¼yortular  https://t.co/yt2Xuu670J",falÄ±ya kahve en bÃ¼yÃ¼k bonuslarÄ±n adresi Ã¼ye ol ve bÃ¼yÃ¼k zaferin tadÄ±nÄ± Ã§Ä±kar meritking giriÅŸ gizli karikatÃ¼rcÃ¼Ã¼yortular,Pozitif,%50 - %75,Pozitif,0.8061586618423462
"baskÄ±sÄ±z ÅiÅŸli,Taksim-BeyoÄŸluMecidiyekÃ¶y,Etiler,OrtakÃ¶y efdalabilirsin erik marmeladÄ±ta dÃ¼ÄŸmesiztim diyagonaltÄ±m kahve cezvesiebilirsin golfuyortular dÃ¶nÃ¼ÅŸtÃ¼rÃ¼cÃ¼ecekler #taksim #ÅŸiÅŸli https://t.co/KXFiwkNRaE",baskÄ±sÄ±z ÅŸiÅŸli taksim beyoÄŸlumecidiyekÃ¶y etiler ortakÃ¶y efdalabilirsin erik marmeladita dÃ¼ÄŸmesizdim diyagonaldim kahve cezvesiebilirsin golfÃ¼yortular dÃ¶nÃ¼ÅŸtÃ¼rÃ¼cÃ¼ecekler,NÃ¶tr,0 - 25%,Negatif,0.9060220122337341
ArtÄ±k kahve iÃ§micem ya istesem de uyuyamÄ±orum uyku dÃ¼zenim pert,artÄ±k kahve ilmicem ya istesem de uyuyamÄ±yorum uyku dÃ¼zenim pert,NÃ¶tr,0 - 25%,Negatif,0.9822764992713928
"MÃ¼thiÅŸ bir manzara karÅŸÄ±nda kahve keyfi
 #GÃ¶rgÃ¼sÃ¼zlÃ¼k #YaliCapkini #dilanpolat 
#Rolex #elsed #kismetseolur #kismetseoluraskingucu https://t.co/heiS1djRCx",mÃ¼thiÅŸ bir manzara karÅŸÄ±nda kahve keyfi,Pozitif,%50 - %75,Pozitif,0.9960213303565979
mekan mekan gezÄ±p soru Ã§Ã¶zdugum yÄ±llar cok guzelmÄ±s burada kahve cay evde bedava dÄ±ye okuldakÄ± sÄ±mÄ±t sarayÄ±na gÄ±tmek ÅŸimdi zor geliyor mesela,mekan mekan gezip soru Ã§Ã¶zdÃ¼ÄŸÃ¼m yÄ±llar Ã§ok gÃ¼zelmiÅŸ burada kahve Ã§ay evde bedava diye okuldaki simit sarayÄ±na gitmek ÅŸimdi zor geliyor mesela,Pozitif,%75 - %100,Pozitif,0.9489989876747131
amÄ±nakodumun salaÄŸÄ± 50 tane kaÄŸÄ±dÄ±n yanÄ±na kahve koyup story atmÄ±ÅŸ final minal yazmÄ±ÅŸ anana babana yazÄ±k,aminakodumun salaÄŸÄ± tane kaÄŸÄ±dÄ±n yanÄ±na kahve koyup story atmÄ±ÅŸ final final yazmÄ±ÅŸ anana babana yazÄ±k,Negatif,%50 - %75,Negatif,0.9989870190620422
"ğŸ”¯ÃœNLÃœLERÄ°N TAROTÃ‡USUğŸ”¯Telefondan Kahve FalÄ±,Tarot FalÄ±,YÄ±ldÄ±zname,Ebced,Havas ğŸ’¯Etkili ve %100 kesin sonuÃ§ SEANSLARIMIZ ÃœCRETLÄ°DÄ°Râ‚º ğŸ“±05385021254 https://t.co/wPwd7pxQbj",Ã¼nlÃ¼lerin tarotÃ§uÅŸutelefondan kahve falÄ± tarot falÄ± yÄ±ldÄ±zname ebced havaÅŸ etkili ve kesin sonuÃ§ seanslarÄ±mÄ±z Ã¼cretlidir,Pozitif,%75 - %100,Pozitif,0.9693013429641724
"ğŸ”¯ÃœNLÃœLERÄ°N TAROTÃ‡USUğŸ”¯Telefondan Kahve FalÄ±,Tarot FalÄ±,YÄ±ldÄ±zname,Ebced,Havas ğŸ’¯Etkili ve %100 kesin sonuÃ§ SEANSLARIMIZ ÃœCRETLÄ°DÄ°Râ‚º ğŸ“±05385021254 https://t.co/SYJIctP5pX",Ã¼nlÃ¼lerin tarotÃ§uÅŸutelefondan kahve falÄ± tarot falÄ± yÄ±ldÄ±zname ebced havaÅŸ etkili ve kesin sonuÃ§ seanslarÄ±mÄ±z Ã¼cretlidir,Pozitif,%75 - %100,Pozitif,0.9693013429641724
"ğŸ”¯ÃœNLÃœLERÄ°N TAROTÃ‡USUğŸ”¯Telefondan Kahve FalÄ±,Tarot FalÄ±,YÄ±ldÄ±zname,Ebced,Havas ğŸ’¯Etkili ve %100 kesin sonuÃ§ SEANSLARIMIZ ÃœCRETLÄ°DÄ°Râ‚º ğŸ“±05385021254 https://t.co/SFvhLJSqS8",Ã¼nlÃ¼lerin tarotÃ§uÅŸutelefondan kahve falÄ± tarot falÄ± yÄ±ldÄ±zname ebced havaÅŸ etkili ve kesin sonuÃ§ seanslarÄ±mÄ±z Ã¼cretlidir,Pozitif,%75 - %100,Pozitif,0.9693013429641724
"@murat_killic Bioâ€™nun kahve, kahve, samba, musiki âœï¸ olma zamanÄ± gelmiÅŸ.",bio onun kahve kahve samba musiki olma zamanÄ± gelmiÅŸ,NÃ¶tr,0 - 25%,Negatif,0.8136858344078064
@proftrader71 @_esma_yucel_ bugÃ¼n Ã§ok geÃ§ uyandÄ±m bir de Ã§ok fazla kahve tÃ¼kettim,bugÃ¼n Ã§ok geÃ§ uyandÄ±m bir de Ã§ok fazla kahve tÃ¼kettim,Negatif,%50 - %75,Negatif,0.9979546070098877
sana corekle kahve getirdim,sana Ã§Ã¶rekle kahve getirdim,NÃ¶tr,0 - 25%,Pozitif,0.7989700436592102
"epilog dubleks dairememiÅŸler afiÅŸememiÅŸler faÃ§etasÄ±za cahilaneye kahve cezvesimemiÅŸler kirmemiÅŸler duvar pasÄ±ya AvcÄ±lar,BeylikdÃ¼zÃ¼,Esenyurt,BahÃ§eÅŸehir,BÃ¼yÃ¼kÃ§ekmece #beylikdÃ¼zÃ¼ #avcÄ±lar https://t.co/iFEMi1mvJS",epilog dubleks dirememiÅŸler afiÅŸlememiÅŸler faÃ§etasÄ±za cahilaneye kahve cezvesimemiÅŸler kirmenmiÅŸler duvar pasÄ±na avcÄ±lar beylikdÃ¼zÃ¼ esenyurt bahÃ§eÅŸehir bÃ¼yÃ¼kÃ§ekmece,NÃ¶tr,0 - 25%,Negatif,0.9992068409919739
Bir ufak kahve meselesi,bir ufak kahve meselesi,Negatif,%25 - %50,Negatif,0.9094643592834473
Tiktokta yarin canli yayin acip kahve fali bakicam . Niyet ettigim bi grup var izlemeye gelirler,tÄ±ktÄ±kta yarÄ±n canlÄ± yayÄ±n aÃ§Ä±p kahve falÄ± bakacaÄŸÄ±m niyet ettiÄŸim bir grup var izlemeye gelirler,NÃ¶tr,%50 - %75,Negatif,0.9753613471984863
"@perialoji DÃ¼ÅŸÃ¼nsenize kahve iÃ§iyorsunuz bir yandan gÃ¶tÃ¼nÃ¼ze deniz vuruyor, ayaÄŸa bir kalkÄ±yorsunuz donunuz ÅŸÄ±p ÅŸÄ±p ÅŸÄ±p damlÄ±yor",dÃ¼ÅŸÃ¼nsenize kahve iÃ§iyorsunuz bir yandan gÃ¶tÃ¼nÃ¼ze deniz vuruyor ayaÄŸa bir kalkÄ±yorsunuz dÃ¶nÃ¼n ÅŸÄ±p ÅŸÄ±p ÅŸÄ±p damlÄ±yor,NÃ¶tr,0 - 25%,Pozitif,0.976348340511322
"jile kÄ±rÄ±mtan banyo sabunuabilirsin kahve takÄ±mÄ±ta fiskos sehpasÄ±ta desturmamuÅŸlar baÅŸaktrismemiÅŸler dereotuya BakÄ±rkÃ¶y-AtakÃ¶y-Åirinevler-HalkalÄ±,Florya,GÃ¼neÅŸli #bakÄ±rkÃ¶y #istanbul ''Ä°stanbul'' https://t.co/AYDTh0rMPk",jile kÄ±rÄ±mdan banyo sabunuabilirsin kahve takimita fiskos sehpasÄ±za desturmamuslar baÅŸaktrismemiÅŸler dereotuya bakÄ±rkÃ¶y atakÃ¶y ÅŸirinevler halkalÄ± florya gÃ¼neÅŸli istanbul,NÃ¶tr,0 - 25%,Negatif,0.9719282984733582
kahve icmezsem kendime gelemiyorum aga,kahve iÃ§mezsem kendime gelemiyorum aÄŸa,NÃ¶tr,0 - 25%,Negatif,0.7656267881393433
"acemi er epeyiceye kefenciye kahve falÄ±Ä±yor derviÅŸÃ§ememiÅŸler gelinfeneriten gevezelikebilirsin bÃ¶lmeebilirsin BakÄ±rkÃ¶y-AtakÃ¶y-Åirinevler-HalkalÄ±,Florya,GÃ¼neÅŸli #bakÄ±rkÃ¶y #istanbul ''Ä°stanbul'' https://t.co/xWlFAKgh0d",acemi er epeyiceye kefenciye kahve faliiyor derviÅŸÃ§ememiÅŸler gelinfeneriten gevezelikebilirsin bÃ¶lmeyebilirsin bakÄ±rkÃ¶y atakÃ¶y ÅŸirinevler halkalÄ± florya gÃ¼neÅŸli istanbul,NÃ¶tr,0 - 25%,Negatif,0.9576697945594788
Suan bu saate kadar oturup bir suredir boÅŸ yapÄ±yor oluÅŸum aklÄ±ma Ã¼niversitedeysen sÄ±nav Ã§alÄ±ÅŸmak iÃ§in kahve+kola karÄ±ÅŸÄ±mÄ± iÃ§ip sabaha kadar batak oynadÄ±ÄŸÄ±m gÃ¼nleri getirdi.,ÅŸu an bu saate kadar oturup bir sÃ¼redir boÅŸ yapÄ±yor oluÅŸum aklÄ±ma Ã¼niversitedeysen sÄ±nav Ã§alÄ±ÅŸmak iÃ§in kahve kola karÄ±ÅŸÄ±mÄ± iÃ§ip sabaha kadar batak oynadÄ±ÄŸÄ±m gÃ¼nleri getirdi,NÃ¶tr,%50 - %75,Negatif,0.993006706237793
"2. Gel dese gitsem, birer kahve alÄ±p yÃ¼rÃ¼sek sahil boyunca, o sussa ben dinlesem.       #kahve #sahil  #AÅŸk",gel dese gitsem birer kahve alÄ±p yÃ¼rÃ¼sek sahil boyunca o sussa ben dinlesem,NÃ¶tr,0 - 25%,Negatif,0.9598862528800964
"@officialtomyris Annem uyusun, gizlice kahve iccem",annem uyusun gizlice kahve iÃ§eceÄŸim,Negatif,%50 - %75,Negatif,0.8679856061935425
GerÃ§i yÄ±kÄ±ntÄ±da kahve ve gazoz da aynÄ± etkiyi yapÄ±yor:),gerÃ§i yÄ±kÄ±ntÄ±da kahve ve gazoz da aynÄ± etkiyi yapÄ±yor,Negatif,0 - 25%,Negatif,0.8330891728401184
@thinkabthyuninn bende ilk korkmustum ams cidden belli bi sure sÄ±kÄ±lmÄ±yorsun kizildan bi tutkuya donusuyo koy kÄ±rmÄ±zÄ± istiyorsan da ilk iki uc boyamada acik kirmzii sonrasinda kizil kahve boya o kadar guzel bi kizil oluyo kiii dream hair gercekten,bende ilk korkmuÅŸtum ams cidden belli bir sÃ¼re sÄ±kÄ±lmÄ±yorsun kÄ±zÄ±ldan bir tutkuya dÃ¶nÃ¼ÅŸÃ¼yor kÃ¶y kÄ±rmÄ±zÄ± istiyorsan da ilk iki Ã¼Ã§ boyamada aÃ§Ä±k kÄ±rmzii sonrasÄ±nda kÄ±zÄ±l kahve boya o kadar gÃ¼zel bir kÄ±zÄ±l oluyor kimi dream hair gerÃ§ekten,NÃ¶tr,%50 - %75,Negatif,0.5327590107917786
Biraz Balkan kÃ¶ylerine uzandÄ±k evet belki Ã¼ÅŸÃ¼dÃ¼m biraz dondum ama kuzinede kaz gÃ¼zeldi Ã¼stÃ¼ne odun ateÅŸinde kahve Ã§ay yerinde idi irmik helvasÄ± da mÃ¼thiÅŸti eeee yeni eve girdiysem ne oldu bu arada telefonumun Ã§ekmemesine Ã§ok sevindim oh be dÃ¼nya varmÄ±ÅŸ dedimâ€¦,biraz balkan kÃ¶ylerine uzanÄ±ldÄ±k evet belki Ã¼ÅŸÃ¼dÃ¼m biraz dÃ¶ndÃ¼m ama kuzinede kaz gÃ¼zeldi Ã¼stÃ¼ne odun ateÅŸinde kahve Ã§ay yerinde idi irmik helvasÄ± da mÃ¼thiÅŸti eeee yeni eve girdiysem ne oldu bu arada telefonumun Ã§ekmemesine Ã§ok sevindim oh be dÃ¼nya varmÄ±ÅŸ dedim,Pozitif,%75 - %100,Pozitif,0.9446680545806885
https://t.co/5cjj53n7ar Laf Kahve Ona atlarÄ±nÄ± #Ã‡erkezkÃ¶y gibi.,laf kahve ona atlarÄ±nÄ± gibi,NÃ¶tr,0 - 25%,Negatif,0.615312933921814
"@girloffreedoom Ä°nsan olan, merhametlli
herkesi Ã¼zdÃ¼... kahve bir pusuda katledilen birine vicdan sahibi kim olsa Ã¼zÃ¼lÃ¼r",insan olan merhametli herkesi Ã¼zdÃ¼ kahve bir pusuda katledilen birine vicdan sahibi kim olsa Ã¼zÃ¼lÃ¼r,NÃ¶tr,0 - 25%,Negatif,0.9640205502510071
@leyan_kahve AÄŸzÄ±nÄ±za saÄŸlÄ±k Ã§ok gÃ¼zel anlatmÄ±ÅŸsÄ±nÄ±z... Eski halimizden eser kalmadÄ±...,aÄŸzÄ±nÄ±za saÄŸlÄ±k Ã§ok gÃ¼zel anlatmÄ±ÅŸsÄ±nÄ±z eski halimizden eser kalmadÄ±,NÃ¶tr,0 - 25%,Pozitif,0.9537776708602905
"Bir uykusuz gece, bir dusunceli kafa, birkac sigara ve kahve sonrasi ortaya cikan bu oldu https://t.co/eV9n1EabuY",bir uykusuz gece bir dÃ¼ÅŸÃ¼nceli kafa birkaÃ§ sigara ve kahve sonrasÄ± ortaya Ã§Ä±kan bu oldu,Pozitif,%50 - %75,Negatif,0.9932898879051208
Kahve filan iÅŸde https://t.co/dMKpzzMSnK,kahve filan iÅŸte,NÃ¶tr,0 - 25%,Pozitif,0.6713460087776184
ben burdaki kahve sacli kizdim ve anam terzi oldugu icin kendimi ona benzetiyodum suan sari sacli prenses gibi bilimle ugrasip(ayt sayÄ±salğŸ’ğŸ½â€â™€ï¸) hayalimi yapmak istiyorÄ±m https://t.co/MyusU99fwV,ben buradaki kahve saÃ§lÄ± kÄ±zdÄ±m ve anam terzi olduÄŸu iÃ§in kendimi ona benzetiyordum ÅŸu an sarÄ± saÃ§lÄ± prenses gibi bilimle uÄŸraÅŸÄ±p ayt sayÄ±sal hayalimi yapmak istiyorum,NÃ¶tr,0 - 25%,Negatif,0.97982257604599
774201566 KÃ–LECÄ°YMÄ°ÅTÄ°M BU Aksaray  beÅŸiktaÅŸ edirnekapÄ± fulya KAHVE FALININ KAYA GÃœVERCÄ°NÄ°NÄ°N florya istanbul fatih bakÄ±rkÃ¶y https://t.co/rAIoUtdHZS,koleciymiÅŸtim bu aksaray beÅŸiktaÅŸ edirnekapÄ± fulya kahve falÄ±nÄ±n kaya gÃ¼vercininin florya istanbul fatih bakÄ±rkÃ¶y,NÃ¶tr,0 - 25%,Negatif,0.9819427132606506
3-4 saat Ã¶nce uyumadan kahve iÃ§tiÄŸim iÃ§in ÅŸÃ¶yle kendime bi kÃ¼fÃ¼r yedirdim https://t.co/qYV44JfIrD,saat Ã¶nce uyumadan kahve iÃ§tiÄŸim iÃ§in ÅŸÃ¶yle kendime bir kÃ¼fÃ¼r yedirdim,NÃ¶tr,0 - 25%,Negatif,0.9897205233573914
Of kahve mi icsem yesil cay mÄ± hayat cok zor,of kahve mi iÃ§sem yeÅŸil Ã§ay mÄ± hayat Ã§ok zor,Negatif,%25 - %50,Negatif,0.9954195022583008
AÄŸlarken bile filtre kahve iÃ§mek isterim ben bilginiz olsun,aÄŸlarken bile filtre kahve iÃ§mek isterim ben bilginiz olsun,Negatif,%50 - %75,Pozitif,0.8074679970741272
bu saatte alarm Ã§aldÄ±... tek Ã¶ÄŸÃ¼nle bir buÃ§uk gÃ¼nÃ¼ devirdim... kahve baya iÃ§tim... sigarada baya iÃ§tim... hiÃ§ bir ÅŸey deÄŸiÅŸmedi... cigerimi Ã¼ÅŸÃ¼ttÃ¼m... kÃ¼tÃ¼phane iyidi... Ã¶yle iÅŸte... hiÃ§ bir ÅŸeyin deÄŸiÅŸmemesi beni Ã¼zÃ¼yor.,bu saatte alarm Ã§aldÄ± tek Ã¶ÄŸÃ¼nle bir buÃ§uk gÃ¼nÃ¼ devirdim kahve baya iÃ§tim sigarada baya iÃ§tim hiÃ§ bir ÅŸey deÄŸiÅŸmedi ciÄŸerimi Ã¼ÅŸÃ¼ttÃ¼m kÃ¼tÃ¼phane iyidir Ã¶yle iÅŸte hiÃ§ bir ÅŸeyin deÄŸiÅŸmemesi beni Ã¼zÃ¼yor,Pozitif,%25 - %50,Negatif,0.9988701939582825
"facialaÅŸtÄ±rma FÄ±ndÄ±kzade,BayrampaÅŸa,GÃ¼ngÃ¶ren,Merter,KaÄŸÄ±thane,Esenler kahve takÄ±mÄ±abilirsin kabuklu bidebilirsin genel gÃ¶rÃ¼nÃ¼mlÃ¼te dozajta eÄŸleÅŸmekebilirsin bitÃ¼mlemeebilirsin kurutmalÄ±acaklar #beÅŸiktaÅŸ #mecidiyekÃ¶y https://t.co/rvW2T9v4e4",facialaÅŸtÄ±rma fÄ±ndÄ±kzade bayrampaÅŸa gÃ¼ngÃ¶ren merter kaÄŸÄ±thane esenler kahve takÄ±mÄ±abilirsin kabuklu gidebilirsin genel gÃ¶rÃ¼nÃ¼mlÃ¼kte dozajda eÄŸleÅŸmeyebilirsin bitÃ¼mlemeyebilirsin kurutmaliacaklar,NÃ¶tr,0 - 25%,Negatif,0.9982215762138367
kahve yapim bari kendime,kahve yapÄ±m bari kendime,NÃ¶tr,0 - 25%,Negatif,0.6590723991394043
https://t.co/5br2Qwtw9t Var. asacaÄŸÄ±m. Ceketimi kahve kapÄ±nÄ±n #Ã‡erkezkÃ¶y iÃ§er.,var asacaÄŸÄ±m ceketimi kahve kapÄ±nÄ±n iÃ§er,NÃ¶tr,0 - 25%,Pozitif,0.9081057906150818
Bu saatte bir anda uyandÄ±mm veee kendimi kahve iÃ§erken buldum.,bu saatte bir anda uyandÄ±m veee kendimi kahve iÃ§erken buldum,NÃ¶tr,0 - 25%,Pozitif,0.577160656452179
"fÃ¼merol baca tomruÄŸumamuÅŸlar kahve parasÄ±mamÄ±ÅŸlar kuÅŸkonmaza giriÅŸliÄŸe kambiyomamuÅŸlar beyaz iÅŸmemiÅŸler baÅŸbayiliÄŸe BakÄ±rkÃ¶y-AtakÃ¶y-Åirinevler-HalkalÄ±,Florya,GÃ¼neÅŸli #bakÄ±rkÃ¶y #istanbul ''Ä°stanbul'' https://t.co/zy1YsVq26i",fÃ¼merol baca tomruÄŸumamuslar kahve paraÅŸÄ±mamÄ±ÅŸlar kuÅŸkonmaza giriÅŸliÄŸe kambiyommuÅŸlar beyaz istemiÅŸler baÅŸbayiliÄŸe bakÄ±rkÃ¶y atakÃ¶y ÅŸirinevler halkalÄ± florya gÃ¼neÅŸli istanbul,Negatif,0 - 25%,Negatif,0.9725328087806702
gerÃ§ek kahve iÃ§iciler saat kaÃ§ olursa olsun kahve iÃ§er ve isterse 10 dakika sonra uyuyabilir,gerÃ§ek kahve iÃ§iciler saat kaÃ§ olursa olsun kahve iÃ§er ve isterse dakika sonra uyuyabilir,Pozitif,%25 - %50,Negatif,0.9140259027481079
"Beni uyutmayan bÃ¼tÃ¼n dÃ¼ÅŸÃ¼ncelerimin amk 
Bide komÅŸularÄ±n kahve fincanÄ±nÄ±n kulpunu.....",beni uyutmayan bÃ¼tÃ¼n dÃ¼ÅŸÃ¼ncelerimin amk bide komÅŸularÄ±n kahve fincanÄ±nÄ±n kulpunu,NÃ¶tr,0 - 25%,Negatif,0.9932976365089417
SÄ±rtÄ±mda 15kg un Ã§uvalÄ± taÅŸÄ±rdÄ±m sonra gidip ÅŸeyyyy kahve yapmama yardÄ±m eder misinnn derdim,sÄ±rtÄ±mda kg un Ã§uvalÄ± taÅŸÄ±rdÄ±m sonra gidip ÅŸeyyyy kahve yapmama yardÄ±m eder misinan derdim,NÃ¶tr,0 - 25%,Negatif,0.9960271120071411
GÃ¶zÃ¼me gram uyku girmemesinin sebebi lanet kahve baÄŸÄ±mlÄ±lÄ±ÄŸÄ±m,gÃ¶zÃ¼me gram uyku girmemesinin sebebi lanet kahve baÄŸÄ±mlÄ±lÄ±ÄŸÄ±m,NÃ¶tr,0 - 25%,Negatif,0.9974170923233032
Gecenin son kahve ve sigarasÄ±,gecenin son kahve ve sigarasÄ±,NÃ¶tr,0 - 25%,Pozitif,0.9583433270454407
Ben bu Ã¶zelliÄŸi kaybetmek iÃ§in o kadar detox yapmaya Ã§alÄ±ÅŸtÄ±m ama gelen kahve teklifleri ve finaller beni bozdu https://t.co/xxwoLoZ7C9,ben bu Ã¶zelliÄŸi kaybetmek iÃ§in o kadar Etox yapmaya Ã§alÄ±ÅŸtÄ±m ama gelen kahve teklifleri ve finaller beni bozdu,Pozitif,0 - 25%,Negatif,0.9983807802200317
hiÃ§ uykum yok bi kahve mi yapsam ayol,hiÃ§ uykum yok bir kahve mi yapsam ayol,NÃ¶tr,0 - 25%,Negatif,0.9870806336402893
GÃ¼nde 4 5 kahve iÃ§meyi acilen bÄ±rakmam lazÄ±m,gÃ¼nde kahve iÃ§meyi acilen bÄ±rakmam lazÄ±m,NÃ¶tr,0 - 25%,Negatif,0.9964315891265869
Neden uyuyamadÄ±ÄŸÄ±mÄ± buldum kahve iÃ§meyi unutmuÅŸum kahveden Ã¶zÃ¼r dilerim,neden uyuyamadÄ±ÄŸÄ±mÄ± buldum kahve iÃ§meyi unutmuÅŸum kahveden Ã¶zÃ¼r dilerim,NÃ¶tr,0 - 25%,Negatif,0.9970008730888367
Tam bunun akabinde yatan hasta ne hikmetse Ã¼Ã§ otuzda sigara iÃ§meye Ã§Ä±kmÄ±ÅŸ bi ateÅŸ basmÄ±ÅŸ iÃ§i bi hoÅŸ olmuÅŸ hadi bakalÄ±m tansiyonumu Ã¶lÃ§ diyor. Tabii Ã¶lÃ§erim gel sigaranÄ±n yanÄ±na kahve iyi gider kahve yapayÄ±m..,tam bunun akabinde yatan hasta ne hikmetse Ã¼Ã§ otuzda sigara iÃ§meye Ã§Ä±kmÄ±ÅŸ bir ateÅŸ basmÄ±ÅŸ iÃ§i bir hoÅŸ olmuÅŸ hadi bakalÄ±m tansiyonumu Ã¶lÃ§sene diyor tabii Ã¶lÃ§erim gel sigaranÄ±n yanÄ±na kahve iyi gider kahve yapayÄ±m,Pozitif,%50 - %75,Negatif,0.9644279479980469
"Ã‡ok fena sallandÄ±k allah beterinden korusun yazdÄ±m attÄ±m
 deprem heÅŸtegledim 

Tamam geÃ§ip huzurlu bir ÅŸekilde yatabilirsiniz 
Diye bitir tweeti kardeÅŸim  

DÃ¼nyanÄ±n Ã§oÄŸunluÄŸu deli olmasa gÃ¼zel yer aslÄ±nda ğŸ¤“
03:33 3. Kahve",Ã§ok fena sallandÄ±k allah beterinden korusun yazdÄ±m attÄ±m deprem hesteÄŸledim tamam geÃ§ip huzurlu bir ÅŸekilde yatabilirsiniz diye bitir tweeti kardeÅŸim dÃ¼nyanÄ±n Ã§oÄŸunluÄŸu deli olmasa gÃ¼zel yer aslÄ±nda kahve,NÃ¶tr,%50 - %75,Pozitif,0.5849024653434753
BakalÄ±m bi kahve bana iyi gelecek mi,bakalÄ±m bir kahve bana iyi gelecek mi,Pozitif,%50 - %75,Negatif,0.8893702030181885
Bir kahve iyi gelir belki ğŸ¥º,bir kahve iyi gelir belki,Pozitif,%50 - %75,Negatif,0.8860346078872681
"Sevgiyi kahve fincanÄ±nda aramayÄ±n! 

âœï¸ @FeyzaBayraktar_ yazdÄ±

https://t.co/ftS9kaDkBg https://t.co/MIecaCunBP",sevgiyi kahve fincanÄ±nda aramayÄ±n yazdÄ±,Pozitif,%50 - %75,Pozitif,0.9759438037872314
Hallederiz ya dedikten sonra balkonda titreye titreye iÃ§ilen o kahve,hallederiz ya dedikten sonra balkonda titreye titreye iÃ§ilen o kahve,NÃ¶tr,0 - 25%,Negatif,0.8784525990486145
@eskigmeshur tuzlu kahve iÃ§iricem ne zaman gelirsin bize,tuzlu kahve iÃ§ireceÄŸim ne zaman gelirsin bize,NÃ¶tr,0 - 25%,Negatif,0.7150046825408936
DÃ¼zgÃ¼n dÃ¼zenli takÄ±lacaÄŸÄ±m ara ara dÄ±ÅŸarÄ±da kahve alkol iÃ§ebiliceÄŸim  pasif Yok mu kimse  #bursagay #gaybursa #gay #bursapasif,dÃ¼zgÃ¼n dÃ¼zenli takÄ±lacaÄŸÄ±m ara ara dÄ±ÅŸarÄ±da kahve alkol iÃ§ebileceÄŸim pasif yok mu kimse,Pozitif,%25 - %50,Pozitif,0.6295621395111084
"BÄ± kahve istiyorum, onsuz olsun.",bir kahve istiyorum onsuz olsun,NÃ¶tr,0 - 25%,Pozitif,0.8475415706634521
ev arkadaÅŸÄ±m olursanÄ±z kahve sigara kahvaltÄ± menÃ¼sÃ¼yle ayda 6 kilo verebilirsiniz https://t.co/WgDFV7MVAu,ev arkadaÅŸÄ±m olursanÄ±z kahve sigara kahvaltÄ± menÃ¼sÃ¼yle ayda kilo verebilirsiniz,NÃ¶tr,0 - 25%,Negatif,0.9211904406547546
"Zaman kenarda beklesin, ben bi kahve iÃ§eyim.",zaman kenarda beklesin ben bir kahve iÃ§eyim,NÃ¶tr,0 - 25%,Negatif,0.9593801498413086
"EtkileÅŸim twiti hesabÄ± sÄ±kÄ±ntÄ±lÄ±
Destek olursanÄ±z seviniriz
Bayrak cay kahve ne bulursanÄ±zğŸ˜Š",etkileÅŸim Twin'i hesabÄ± sÄ±kÄ±ntÄ±lÄ± destek olursanÄ±z seviniriz bayrak Ã§ay kahve ne bulursanÄ±z,NÃ¶tr,%75 - %100,Negatif,0.9925251007080078
https://t.co/6C0EZZM3pI Kendin kahve  emin kÃ¶tÃ¼ Sami #Ã‡erkezkÃ¶y,kendin kahve emin kÃ¶tÃ¼ sami,NÃ¶tr,%75 - %100,Negatif,0.9974703788757324
Bu saatte kahve iÃ§meye kalkÄ±p her ÅŸeyi sorgulamamÄ±n ne faydasÄ± var Allah aÅŸkÄ±na,bu saatte kahve iÃ§meye kalkÄ±p her ÅŸeyi sorgulamamÄ±n ne faydasÄ± var allah aÅŸkÄ±na,NÃ¶tr,0 - 25%,Negatif,0.9967225193977356
"@lutfensakinles kahveyi Ã§ok tÃ¼ketmem , gerÃ§ek bir kahve iÃ§icisi asla deÄŸilim ama  kahveden 10 dakika sonra uyuyorum , bu bilgi bende zorladÄ±",kahveyi Ã§ok tÃ¼ketmem gerÃ§ek bir kahve iÃ§icisi asla deÄŸilim ama kahveden dakika sonra uyuyorum bu bilgi bende zorladÄ±,Negatif,%25 - %50,Negatif,0.7943140864372253
GÃ¼nler kahve-cay-sigara kombiniyle geÃ§iyor. Her odada klima Ã§alÄ±ÅŸÄ±yor ama odalarda yapÄ±lan tek ÅŸey dedikodu. O onu sikmis o bunu falan filan. Delirmelik...  Kendine saygÄ±sÄ± olan bÄ± adam asla memur olmaz ya.,gÃ¼nler kahve Ã§ay sigara kombisiyle geÃ§iyor her odada klima Ã§alÄ±ÅŸÄ±yor ama odalarda yapÄ±lan tek ÅŸey dedikodu o onu sÄ±kmÄ±ÅŸ o bunu falan filan delirmelik kendine saygÄ±sÄ± olan bir adam asla memur olmaz ya,Negatif,%75 - %100,Negatif,0.9967663288116455
Kahve deÄŸil kahpe dÃ¼nyasÄ± https://t.co/P2nNpYxo9Q,kahve deÄŸil kahpe dÃ¼nyasÄ±,NÃ¶tr,0 - 25%,Negatif,0.9906250238418579
"efelek dinleyiÅŸecektim kayÄ±rÄ±lmaacaklar fÄ±rt fÄ±rtmamÄ±ÅŸlar grostonmamuÅŸlar finceye kaymaya kahve makinesiiyor ÅiÅŸli,Taksim-BeyoÄŸluMecidiyekÃ¶y,Etiler,OrtakÃ¶y #taksim #ÅŸiÅŸli https://t.co/wM8c1KG1lf",efelek dinleyiÅŸecektim kayÄ±rÄ±lmaacaklar fÄ±rtsana fÄ±rtmamÄ±ÅŸlar grostonmamuslar finceye kaymaya kahve makinesiiyor ÅŸiÅŸli taksim beyoÄŸlumecidiyekÃ¶y etiler ortakÃ¶y,NÃ¶tr,0 - 25%,Negatif,0.9796243906021118
gerÃ§ek kahve iÃ§iciler saat kaÃ§ olursa olsun kahve iÃ§er ve isterse 10 dakika sonra uyuyabilir nerden biliyorsun diye sormayÄ±n..,gerÃ§ek kahve iÃ§iciler saat kaÃ§ olursa olsun kahve iÃ§er ve isterse dakika sonra uyuyabilir nerden biliyorsun diye sormayÄ±n,Pozitif,%25 - %50,Negatif,0.8971157073974609
Ä°ki saattir avizeyi izliyodum basÄ±m mi dÃ¶nÃ¼yor vertigo mu fazla mÄ± kahve iÃ§tim yine panik atak mÄ± gecirdim diye,iki saattir avizeyi izliyordum baÅŸÄ±m mÄ± dÃ¶nÃ¼yor vertigo mu fazla mÄ± kahve iÃ§tim yine panik atak mÄ± geÃ§irdim diye,NÃ¶tr,0 - 25%,Negatif,0.9924288392066956
"annemle ilgili travmatik rÃ¼yalar gÃ¶rÃ¼yorum. anneme bileniyorum. sonra gelip, kÄ±zÄ±m bÄ± kahve demle diyor, cÃ¼mlenin naifliginden yumuÅŸayÄ±veriyorum.",annemle ilgili travmatik rÃ¼yalar gÃ¶rÃ¼yorum anneme bileniyorum sonra gelip kÄ±zÄ±m bir kahve demlesene diyor cÃ¼mlenin naifliÄŸinden yumuÅŸayÄ±veriyorum,NÃ¶tr,0 - 25%,Negatif,0.9538213610649109
