Tweet,Tweet_Clear,Tweet_Eng,Tweet_AyrÄ±_Eng,TextBlobTÃ¼r,TextBlobYoÄŸunluk,neg,neu,pos,compound
"bunu da Ã¶nermiÅŸler, python kodlarÄ± da var analizleri anlatÄ±rken. book seÃ§ip 0 dolarÄ± seÃ§erek indirebilirsiniz. maili sallasanÄ±z da olur. https://t.co/2x2XHLC3Am",bunu da Ã¶nermiÅŸler python kodlarÄ± da var analizleri anlatÄ±rken book seÃ§ip dolarÄ± seÃ§erek indirebilirsiniz maili sallasanÄ±z da olur,they also suggested that python codes also have the analysis when explaining the book you can select the dollar you can download the mail,also suggested python codes also analysis explaining book select dollar download mail,NÃ¶tr,0 - 25%,0.0,1.0,0.0,0.0
Abla python kullansana mal mÄ±sÄ±n https://t.co/wH3pW2M0BU,abla python kullan mal mÄ±sÄ±n,"sister, use python, are you goods","sister, use python, goods",NÃ¶tr,0 - 25%,0.0,1.0,0.0,0.0
"Python'da VeritabanÄ± Ä°ÅŸemleri Tablo OluÅŸturma,Veri Ekleme,Veri GÃ¼ncelleme https://t.co/4STteCMzFt 
#python #db #sqlite3",python da veritabanÄ± iÅŸlemleri tablo oluÅŸturma veri ekleme veri gÃ¼ncelleme,database transactions in python creation creation data add data update,database transactions python creation creation data add data update,NÃ¶tr,0 - 25%,0.0,0.625,0.375,0.4939
"@Benediximus_ @atilla_yayla @emrahgulsunar â€œC, Java, Python hep saymaya 0â€™dan baÅŸlÄ±yor, dijital Ã§aÄŸÄ± yakalama noktasÄ±ndaâ€¦â€ falan dese daha mantÄ±klÄ±/inandÄ±rÄ±cÄ± olurdu.",c java python hep saymaya dan baÅŸlÄ±yor dijital Ã§aÄŸÄ± yakalama noktasÄ±nda falan dese daha mantÄ±klÄ± inandÄ±rÄ±cÄ± olurdu,"c java python always starts from counting, it would be more convincing if he said at the point of capturing the digital age or something.","c java python always starts counting, would convincing said point capturing digital age something.",Pozitif,%50 - %75,0.0,0.828,0.172,0.4019
"E-Devlet'te bulunan bazÄ± eÄŸitimler:

- YabancÄ± dil eÄŸitimleri

- Arama motoru optimizasyonu ( SEO )

- 3ds Max ile modelleme

- Python ile programlama

- SQL 

- Excel eÄŸitimi https://t.co/eMg5IbHBrB",e devlet te bulunan bazÄ± eÄŸitimler yabancÄ± dil eÄŸitimleri arama motoru optimizasyonu seo ds max ile modelleme python ile programlama sql excel eÄŸitimi,some trainings found in the state foreign language trainings search engine optimization seo ds max modeling with python with python sql excel training,trainings found state foreign language trainings search engine optimization seo ds max modeling python python sql excel training,Negatif,0 - 25%,0.0,0.741,0.259,0.6808
Python'dan sonra R Ã¶ÄŸrenmek Ã¼zere Ã§Ä±ktÄ±ÄŸÄ±m bu yolda ÅŸu an matris Ã§alÄ±ÅŸÄ±yorum. Az sonra ayt mat videolarÄ±na baÄŸlanÄ±p soru bankasÄ± sipariÅŸ ediyorum glb,python dan sonra r Ã¶ÄŸrenmek Ã¼zere Ã§Ä±ktÄ±ÄŸÄ±m bu yolda ÅŸu an matris Ã§alÄ±ÅŸÄ±yorum az sonra ayt mat videolarÄ±na baÄŸlanÄ±p soru bankasÄ± sipariÅŸ ediyorum galiba,"after python, i am currently working on this road to learn r.","python, currently working road learn r.",NÃ¶tr,%25 - %50,0.0,1.0,0.0,0.0
Python ile Derin Ã–ÄŸrenme - FranÃ§ois Chollet kitabina ihtiyaci olan varsa gonderebilirim.,python ile derin Ã¶ÄŸrenme franÃ§ois Cholet kitabÄ±na ihtiyacÄ± olan varsa gÃ¶nderebilirim,"deep learning with python, i can send franÃ§ois cholet if anyone needs it","deep learning python, send franÃ§ois cholet anyone needs",NÃ¶tr,%25 - %50,0.0,1.0,0.0,0.0
@rdvnblmr1 Åuan 8. SÄ±nÄ±f olduÄŸum iÃ§in yazÄ±lÄ±m derslerine bir mÃ¼ddet ara vermek zorunda kaldÄ±m ama bu sÃ¼re zarfÄ±nda kendimi geliÅŸtirdim. Python'da bir sÃ¼rÃ¼ proje yaptÄ±m ve yapmaya devam ediyorum. LGS den hemen sonra kursa devam edeceÄŸim.,ÅŸu an sÄ±nÄ±f olduÄŸum iÃ§in yazÄ±lÄ±m derslerine bir mÃ¼ddet ara vermek zorunda kaldÄ±m ama bu sÃ¼re zarfÄ±nda kendimi geliÅŸtirdim python da bir sÃ¼rÃ¼ proje yaptÄ±m ve yapmaya devam ediyorum lgs den hemen sonra kursa devam edeceÄŸim,"since i am a class now, i had to take a break in software lessons for a while, but during this time i developed myself in python, i did a lot of projects and i continue to do so i will continue the course immediately after lgs","since class now, take break software lessons while, time developed python, lot projects continue continue course immediately lgs",NÃ¶tr,%25 - %50,0.0,1.0,0.0,0.0
"Matematik dersi iÃ§in random modÃ¼lÃ¼ ile sayÄ± tahmin oyunu
#Python #random https://t.co/amx1SMSmDb",matematik dersi iÃ§in random modÃ¼lÃ¼ ile sayÄ± tahmin oyunu,number estimation game with random module for math lesson,number estimation game random module math lesson,Negatif,%25 - %50,0.0,0.822,0.178,0.0772
"YazÄ±lÄ±mla eÄŸitim-Ã¶ÄŸretim, sÄ±nav vb gibi bir Ã§ok iÅŸ kolay hale geliyor:)#Python #javascript #c++ https://t.co/7RtUfrMRLe",yazÄ±lÄ±mla eÄŸitim Ã¶ÄŸretim sÄ±nav vb gibi bir Ã§ok iÅŸ kolay hale geliyor python,a lot of work such as software education and training exams etc. is becoming easy python,lot work software education training exams etc. becoming easy python,Pozitif,%75 - %100,0.0,0.756,0.244,0.4404
yeni python kÃ¼tÃ¼phaneleri release aÅŸamasÄ± https://t.co/yJ896QpfLL,yeni python kÃ¼tÃ¼phaneleri release aÅŸamasÄ±,new python libraries release stage,new python libraries release stage,Pozitif,%25 - %50,0.0,1.0,0.0,0.0
@asimcanyagizz ZamanÄ±nda bu iÅŸi yapan bir Python botu yazmÄ±ÅŸtÄ±m ğŸ˜‚,zamanÄ±nda bu iÅŸi yapan bir python botu yazmÄ±ÅŸtÄ±m,i wrote a python boat that did this job on time,wrote python boat job time,NÃ¶tr,0 - 25%,0.0,1.0,0.0,0.0
@TraderMikabot @OktayPoyrazTr sence bireysel Ã§abayla orta Ã¼stÃ¼ bir seviye python Ã¶ÄŸrenme durumum nedir? siz bilgisayar mÄ± yoksa yazÄ±lÄ±m mÃ¼hendisliÄŸi mezunu musunuz?,sence bireysel Ã§abayla orta Ã¼stÃ¼ bir seviye python Ã¶ÄŸrenme durumum nedir siz bilgisayar mÄ± yoksa yazÄ±lÄ±m mÃ¼hendisliÄŸi mezunu musunuz,do you think what is my status of python learning with individual effort? are you a computer or a software engineering graduate,think status python learning individual effort? computer software engineering graduate,NÃ¶tr,%25 - %50,0.0,1.0,0.0,0.0
"@emrahgulsunar sadece ÅŸu filmi izlemeniz bile kÃ¢fi.
-monty python's life of brian (1979) https://t.co/P530obWNkB",sadece ÅŸu filmi izlemeniz bile kafi monty python s life of brian,"just watching this movie, kafi monty python s life of brian","watching movie, kafi monty python life brian",NÃ¶tr,0 - 25%,0.0,1.0,0.0,0.0
"arkadaÅŸ cv'mi yorumluyor...

fatihin dc yayÄ±nÄ±nda 2 ders de python dinlemiÅŸtim. ileri seviye yazmamak iÃ§in zor tuttum kendimi https://t.co/LHfhba96HY",arkadaÅŸ cv mi yorumluyor fatihin dc yayÄ±nÄ±nda ders de python dinlemiÅŸtim ileri seviye yazmamak iÃ§in zor tuttum kendimi,friend cv interprets the conqueror dc broadcast in the course i listened to python i kept myself hard not to write forward,friend cv interprets conqueror dc broadcast course listened python kept hard write forward,Negatif,%50 - %75,0.09,0.705,0.205,0.4215
PYTHON PROGRAMLAMA EÄÄ°TÄ°MÄ° https://t.co/zbyruBQzc8,python programlama eÄŸitimi,python programming training,python programming training,NÃ¶tr,0 - 25%,0.0,1.0,0.0,0.0
"@3rdemayaz Kodlama tecrÃ¼bem yok, henÃ¼z 2 aydÄ±r Python ile ilgileniyorum. Bu konuyla ilgili gÃ¶rÃ¼ÅŸÃ¼m, ne Ã§ok aralÄ±klÄ±, ne hiÃ§ aralÄ±ksÄ±z olmalÄ±. KodlarÄ± paragraflar olarak dÃ¼ÅŸÃ¼nÃ¼p, anlam bÃ¼tÃ¼nlÃ¼ÄŸÃ¼ne ve iliÅŸkisine gÃ¶re yeterli boÅŸluk bÄ±rakÄ±lmalÄ±.",kodlama tecrÃ¼bem yok henÃ¼z aydÄ±r python ile ilgileniyorum bu konuyla ilgili gÃ¶rÃ¼ÅŸÃ¼m ne Ã§ok aralÄ±klÄ± ne hiÃ§ aralÄ±ksÄ±z olmalÄ± kodlarÄ± paragraflar olarak dÃ¼ÅŸÃ¼nÃ¼p anlam bÃ¼tÃ¼nlÃ¼ÄŸÃ¼ne ve iliÅŸkisine gÃ¶re yeterli boÅŸluk bÄ±rakÄ±lmalÄ±,"i have no coding experience yet i have been interested in python for months, my opinion on this issue should be very intermittently or no uninterrupted codes as paragraphs and leave enough space according to the integrity of meaning and relationship","coding experience yet interested python months, opinion issue intermittently uninterrupted codes paragraphs leave enough space according integrity meaning relationship",NÃ¶tr,%25 - %50,0.053,0.711,0.236,0.6249
"Python ile Makine Ã–ÄŸrenmesi yeni video yayÄ±nda.

Twitter Analizi-4

Twitter verilerini RegEx ile dÃ¼zenleme

Ä°yi seyirler, iyi akÅŸamlar efendim...

https://t.co/h9EHRexiA1 https://t.co/iJEP2XNhyP",python ile makine Ã¶ÄŸrenmesi yeni video yayÄ±nda twitter analizi twitter verilerini Regev ile dÃ¼zenleme iyi seyirler iyi akÅŸamlar efendim,machine learning with python on the new video broadcast twitter analysis twitter data with regev good looking good evening sir sir,machine learning python new video broadcast twitter analysis twitter data regev good looking good evening sir sir,Pozitif,%50 - %75,0.0,0.721,0.279,0.7003
selenium - 4.8.0: https://t.co/LqvZsPqwrc #python,selenium,selenium,selenium,NÃ¶tr,0 - 25%,0.0,1.0,0.0,0.0
"@koziLife DevOps deyince herkes farklÄ± bir ÅŸeyler anlÄ±yor; farklÄ± firmalarÄ±n farklÄ± uygulamalarÄ± var. Ama bildiÄŸim kadarÄ±yla:
- IaC
- Logging/monitoring
- Scripting/programming python, go, bash vb
- Linux
- Containerization &amp; orchestration 
- Cloud 
- Networking
atladÄ±ÄŸÄ±m bir ÅŸeyler vardÄ±r",devops deyince herkes farklÄ± bir ÅŸeyler anlÄ±yor farklÄ± firmalarÄ±n farklÄ± uygulamalarÄ± var ama bildiÄŸim kadarÄ±yla iac jogging monitoring Script'in programming python go baÅŸ vb linux containerization amp orchestration cloud networking atladÄ±ÄŸÄ±m bir ÅŸeyler vardÄ±r,devops deyince herkes farklÄ± bir ÅŸeyler anlÄ±yor farklÄ± firmalarÄ±n farklÄ± uygulamalarÄ± var ama bildiÄŸim kadarÄ±yla iac jogging monitoring Script'in programming python go baÅŸ vb linux containerization amp orchestration cloud networking atladÄ±ÄŸÄ±m bir ÅŸeyler vardÄ±r,devops deyince herkes farklÄ± bir ÅŸeyler anlÄ±yor farklÄ± firmalarÄ±n farklÄ± uygulamalarÄ± var ama bildiÄŸim kadarÄ±yla iac jogging monitoring Script'in programming python go baÅŸ vb linux containerization amp orchestration cloud networking atladÄ±ÄŸÄ±m bir ÅŸeyler vardÄ±r,NÃ¶tr,0 - 25%,0.0,1.0,0.0,0.0
@isvec_kraIi C# Python Ruby biliyorum Ä°ngilizce Ã§at pat anlÄ±yorum Ã§at pat konuÅŸuyorum kendimi geliÅŸtirmek iÃ§in Sabahlara kadar Ã§alÄ±ÅŸÄ±yorum tek hedefim yazÄ±lÄ±m geliÅŸtirme ÅŸirketi kurmak,c python ruby biliyorum ingilizce Ã§at pat anlÄ±yorum Ã§at pat konuÅŸuyorum kendimi geliÅŸtirmek iÃ§in sabahlara kadar Ã§alÄ±ÅŸÄ±yorum tek hedefim yazÄ±lÄ±m geliÅŸtirme ÅŸirketi kurmak,c python ruby biliyorum ingilizce Ã§at pat anlÄ±yorum Ã§at pat konuÅŸuyorum kendimi geliÅŸtirmek iÃ§in sabahlara kadar Ã§alÄ±ÅŸÄ±yorum tek hedefim yazÄ±lÄ±m geliÅŸtirme ÅŸirketi kurmak,c python ruby biliyorum ingilizce Ã§at pat anlÄ±yorum Ã§at pat konuÅŸuyorum kendimi geliÅŸtirmek iÃ§in sabahlara kadar Ã§alÄ±ÅŸÄ±yorum tek hedefim yazÄ±lÄ±m geliÅŸtirme ÅŸirketi kurmak,NÃ¶tr,0 - 25%,0.0,1.0,0.0,0.0
Monty Python mesela geÃ§en gÃ¼n Life of Brian filminden bir sahne izledim. GÃ¼nÃ¼mÃ¼zde aktif olarak tartÄ±ÅŸmasÄ±nÄ±n yapÄ±ldÄ±ÄŸÄ± bir konuda 1979 yÄ±lÄ±nda yapÄ±lmÄ±ÅŸ iÄŸnelemeye gÃ¼ldÃ¼m. VerdiÄŸim Ã§ok baÅŸarÄ±lÄ± bir mizahÄ±n Ã¶rneÄŸi belki ama toplum iyi ele alÄ±ndÄ±ÄŸÄ±nda gÃ¼ncel bir mizah hiÃ§ zor deÄŸil,monty python mesela geÃ§en gÃ¼n life of brian filminden bir sahne izledim gÃ¼nÃ¼mÃ¼zde aktif olarak tartÄ±ÅŸmasÄ±nÄ±n yapÄ±ldÄ±ÄŸÄ± bir konuda yÄ±lÄ±nda yapÄ±lmÄ±ÅŸ iÄŸnelemeye gÃ¼ldÃ¼m verdiÄŸim Ã§ok baÅŸarÄ±lÄ± bir mizahÄ±n Ã¶rneÄŸi belki ama toplum iyi ele alÄ±ndÄ±ÄŸÄ±nda gÃ¼ncel bir mizah hiÃ§ zor deÄŸil,monty python mesela geÃ§en gÃ¼n life of brian filminden bir sahne izledim gÃ¼nÃ¼mÃ¼zde aktif olarak tartÄ±ÅŸmasÄ±nÄ±n yapÄ±ldÄ±ÄŸÄ± bir konuda yÄ±lÄ±nda yapÄ±lmÄ±ÅŸ iÄŸnelemeye gÃ¼ldÃ¼m verdiÄŸim Ã§ok baÅŸarÄ±lÄ± bir mizahÄ±n Ã¶rneÄŸi belki ama toplum iyi ele alÄ±ndÄ±ÄŸÄ±nda gÃ¼ncel bir mizah hiÃ§ zor deÄŸil,monty python mesela geÃ§en gÃ¼n life brian filminden bir sahne izledim gÃ¼nÃ¼mÃ¼zde aktif olarak tartÄ±ÅŸmasÄ±nÄ±n yapÄ±ldÄ±ÄŸÄ± bir konuda yÄ±lÄ±nda yapÄ±lmÄ±ÅŸ iÄŸnelemeye gÃ¼ldÃ¼m verdiÄŸim Ã§ok baÅŸarÄ±lÄ± bir mizahÄ±n Ã¶rneÄŸi belki ama toplum iyi ele alÄ±ndÄ±ÄŸÄ±nda gÃ¼ncel bir mizah hiÃ§ zor deÄŸil,NÃ¶tr,0 - 25%,0.0,1.0,0.0,0.0
"Veri GÃ¶rselleÅŸtirme 

https://t.co/RYChw5DNyJ

ğŸ”Š JavaScript EÄŸitimim YarÄ±n BaÅŸlÄ±yor KayÄ±t iÃ§in Son Saatler
ğŸ”¥ GeÃ§en Seneki Fiyatlarla Son EÄŸitim

âœï¸ KayÄ±t ve Detaylar iÃ§in:
ğŸ”— https://t.co/XwMhPXE46u

ğŸ·ï¸ #ZaferDemirkol #Ocak2023 #YapayZeka #Python #EÄŸitim #JavaScript https://t.co/SLkWXFmJQr",veri gÃ¶rselleÅŸtirme javascript eÄŸitimim yarÄ±n baÅŸlÄ±yor kayÄ±t iÃ§in son saatler geÃ§en seneki fiyatlarla son eÄŸitim kayÄ±t ve detaylar iÃ§in,veri gÃ¶rselleÅŸtirme javascript eÄŸitimim yarÄ±n baÅŸlÄ±yor kayÄ±t iÃ§in son saatler geÃ§en seneki fiyatlarla son eÄŸitim kayÄ±t ve detaylar iÃ§in,veri gÃ¶rselleÅŸtirme javascript eÄŸitimim yarÄ±n baÅŸlÄ±yor kayÄ±t iÃ§in son saatler geÃ§en seneki fiyatlarla son eÄŸitim kayÄ±t detaylar iÃ§in,NÃ¶tr,0 - 25%,0.0,1.0,0.0,0.0
"Veri YapÄ±larÄ±

ğŸ”Š JavaScript EÄŸitimim YarÄ±n BaÅŸlÄ±yor KayÄ±t iÃ§in Son Saatler

ğŸ”¥ GeÃ§en Seneki Fiyatlarla Son EÄŸitim

âœï¸ KayÄ±t ve Detaylar iÃ§in:

ğŸ”— https://t.co/XwMhPXE46u

ğŸ·ï¸ #ZaferDemirkol #Ocak2023 #YapayZeka #Python #EÄŸitim #JavaScript https://t.co/eoixQ7NrkF",veri yapÄ±larÄ± javascript eÄŸitimim yarÄ±n baÅŸlÄ±yor kayÄ±t iÃ§in son saatler geÃ§en seneki fiyatlarla son eÄŸitim kayÄ±t ve detaylar iÃ§in,veri yapÄ±larÄ± javascript eÄŸitimim yarÄ±n baÅŸlÄ±yor kayÄ±t iÃ§in son saatler geÃ§en seneki fiyatlarla son eÄŸitim kayÄ±t ve detaylar iÃ§in,veri yapÄ±larÄ± javascript eÄŸitimim yarÄ±n baÅŸlÄ±yor kayÄ±t iÃ§in son saatler geÃ§en seneki fiyatlarla son eÄŸitim kayÄ±t detaylar iÃ§in,NÃ¶tr,0 - 25%,0.0,1.0,0.0,0.0
"Veri Bilimi iÃ§in Python HÄ±zlÄ± Referans

https://t.co/3tFN9iurQj

ğŸ”Š JavaScript EÄŸitimim YarÄ±n BaÅŸlÄ±yor KayÄ±t iÃ§in Son Saatler

ğŸ”¥ GeÃ§en Seneki Fiyatlarla Son EÄŸitim

âœï¸ KayÄ±t ve Detaylar iÃ§in:

ğŸ”— https://t.co/XwMhPXDwgW

ğŸ·ï¸ #ZaferDemirkol #Ocak2023 #YapayZeka  #JavaScript https://t.co/ryBeRbmgdT",veri bilimi iÃ§in python hÄ±zlÄ± referans javascript eÄŸitimim yarÄ±n baÅŸlÄ±yor kayÄ±t iÃ§in son saatler geÃ§en seneki fiyatlarla son eÄŸitim kayÄ±t ve detaylar iÃ§in,veri bilimi iÃ§in python hÄ±zlÄ± referans javascript eÄŸitimim yarÄ±n baÅŸlÄ±yor kayÄ±t iÃ§in son saatler geÃ§en seneki fiyatlarla son eÄŸitim kayÄ±t ve detaylar iÃ§in,veri bilimi iÃ§in python hÄ±zlÄ± referans javascript eÄŸitimim yarÄ±n baÅŸlÄ±yor kayÄ±t iÃ§in son saatler geÃ§en seneki fiyatlarla son eÄŸitim kayÄ±t detaylar iÃ§in,NÃ¶tr,0 - 25%,0.0,1.0,0.0,0.0
pc ile kafayÄ± yerken beynim ipotekleniyor mÃ¼zik aÃ§acaÄŸÄ±m ÅŸarkÄ±yÄ± sÃ¶ylÃ¼yorum ama arama yerine python yazÄ±yorum acil mola lazÄ±m.,pc ile kafayÄ± yerken beynim ipotekleniyor mÃ¼zik aÃ§acaÄŸÄ±m ÅŸarkÄ±yÄ± sÃ¶ylÃ¼yorum ama arama yerine python yazÄ±yorum acil mola lazÄ±m,pc ile kafayÄ± yerken beynim ipotekleniyor mÃ¼zik aÃ§acaÄŸÄ±m ÅŸarkÄ±yÄ± sÃ¶ylÃ¼yorum ama arama yerine python yazÄ±yorum acil mola lazÄ±m,pc ile kafayÄ± yerken beynim ipotekleniyor mÃ¼zik aÃ§acaÄŸÄ±m ÅŸarkÄ±yÄ± sÃ¶ylÃ¼yorum ama arama yerine python yazÄ±yorum acil mola lazÄ±m,NÃ¶tr,0 - 25%,0.0,1.0,0.0,0.0
"7-15 yaÅŸ aralÄ±ÄŸÄ±nda olan Ã¶vladlarÄ±nÄ±zÄ±n gÉ™lÉ™cÉ™yin Python Ã¼zrÉ™ mÃ¼tÉ™xÉ™ssis kimi formalaÅŸmaÄŸÄ±nÄ± istÉ™yirsinizsÉ™, bizÉ™ mÃ¼raciÉ™t etmÉ™yin tam zamanÄ±dÄ±r!

Python proqramlaÅŸdÄ±rma tÉ™limi 5 ay mÃ¼ddÉ™tindÉ™ tÉ™dris edilir.

 ğŸ“ŒMÉ™lumat Ã¼Ã§Ã¼n â• vÉ™ ya ğŸ“©DM
ğŸ“²ÆlaqÉ™ : +994 51 230 94 66 https://t.co/fdtZQEHE8W",yaÅŸ aralÄ±ÄŸÄ±nda olan Vlad'larÄ±nÄ±zÄ±n gÉ™lÉ™cÉ™yin python Ã¼zre mÃ¼tÉ™xÉ™ssis kimi formalaÅŸmasÄ±nÄ± istÉ™yirsinizsÉ™ bize mÃ¼racÄ±É™t etmeyin tam zamanÄ±dÄ±r python proqramlaÅŸdirma talimi ay mÃ¼ddÉ™tindÉ™ tedris edilir malumat Ã¼Ã§Ã¼n vÉ™ ya dm É™laqÉ™,yaÅŸ aralÄ±ÄŸÄ±nda olan Vlad'larÄ±nÄ±zÄ±n gÉ™lÉ™cÉ™yin python Ã¼zre mÃ¼tÉ™xÉ™ssis kimi formalaÅŸmasÄ±nÄ± istÉ™yirsinizsÉ™ bize mÃ¼racÄ±É™t etmeyin tam zamanÄ±dÄ±r python proqramlaÅŸdirma talimi ay mÃ¼ddÉ™tindÉ™ tedris edilir malumat Ã¼Ã§Ã¼n vÉ™ ya dm É™laqÉ™,yaÅŸ aralÄ±ÄŸÄ±nda olan Vlad'larÄ±nÄ±zÄ±n gÉ™lÉ™cÉ™yin python Ã¼zre mÃ¼tÉ™xÉ™ssis kimi formalaÅŸmasÄ±nÄ± istÉ™yirsinizsÉ™ bize mÃ¼racÄ±É™t etmeyin tam zamanÄ±dÄ±r python proqramlaÅŸdirma talimi ay mÃ¼ddÉ™tindÉ™ tedris edilir malumat Ã¼Ã§Ã¼n vÉ™ ya dm É™laqÉ™,NÃ¶tr,0 - 25%,0.0,1.0,0.0,0.0
"Pozisyon     : software engineer
Deneyim     : 2 yÄ±l
Teknoloji     : python (aws cloud devops ortaya karisik) 
Lokasyon    : Remote (YurtdÄ±ÅŸÄ±)
MaaÅŸ           :  40.000 - 45.000 arasi net",pozisyon software engine deneyim yÄ±l teknoloji python aws cloud devops ortaya karÄ±ÅŸÄ±k lokasyon remote yurtdÄ±ÅŸÄ± maaÅŸ arasÄ± net,pozisyon software engine deneyim yÄ±l teknoloji python aws cloud devops ortaya karÄ±ÅŸÄ±k lokasyon remote yurtdÄ±ÅŸÄ± maaÅŸ arasÄ± net,pozisyon software engine deneyim yÄ±l teknoloji python aws cloud devops ortaya karÄ±ÅŸÄ±k lokasyon remote yurtdÄ±ÅŸÄ± maaÅŸ arasÄ± net,NÃ¶tr,0 - 25%,0.0,1.0,0.0,0.0
HemÅŸirenin Ã§ekine Ã§ekine â€˜sana bir Python randevusu alabilir miyimâ€™ diye sorduÄŸu o an. ğŸ¤¦ğŸ¼â€â™€ï¸,hemÅŸirenin Ã§ekine Ã§ekine sana bir python randevusu alabilir miyim diye sorduÄŸu o an,hemÅŸirenin Ã§ekine Ã§ekine sana bir python randevusu alabilir miyim diye sorduÄŸu o an,hemÅŸirenin Ã§ekine Ã§ekine sana bir python randevusu alabilir miyim diye sorduÄŸu,NÃ¶tr,0 - 25%,0.0,1.0,0.0,0.0
"#Darkness #Deep #dream #sky #levelup #Python #Tr #Just #angel #melody 
Daha derine inersen kan durmaz!!!!!
Yada beni Ã¼zersen ?!

Bi daha bu yÃ¼zÃ¼me gÃ¼n doÄŸmaz
KaranlÄ±klara dÃ¼ÅŸersem...

TanrÄ±m beni baÄŸÄ±ÅŸla
Ã‡Ä±ÄŸlÄ±klarÄ±m duyulmaz........

FermanÄ±mÄ± hazÄ±rla
EvhamlarÄ±m beni durdurmaz",daha derine inersen kan durmaz yada beni Ã¼zersen bir daha bu yÃ¼zÃ¼me gÃ¼n doÄŸmaz karanlÄ±klara dÃ¼ÅŸersem tanrÄ±m beni baÄŸÄ±ÅŸla Ã§Ä±ÄŸlÄ±klarÄ±m duyulmaz fermanÄ±mÄ± hazÄ±rla evhamlarÄ±m beni durdurmaz,daha derine inersen kan durmaz yada beni Ã¼zersen bir daha bu yÃ¼zÃ¼me gÃ¼n doÄŸmaz karanlÄ±klara dÃ¼ÅŸersem tanrÄ±m beni baÄŸÄ±ÅŸla Ã§Ä±ÄŸlÄ±klarÄ±m duyulmaz fermanÄ±mÄ± hazÄ±rla evhamlarÄ±m beni durdurmaz,daha derine inersen kan durmaz yada beni Ã¼zersen bir daha bu yÃ¼zÃ¼me gÃ¼n doÄŸmaz karanlÄ±klara dÃ¼ÅŸersem tanrÄ±m beni baÄŸÄ±ÅŸla Ã§Ä±ÄŸlÄ±klarÄ±m duyulmaz fermanÄ±mÄ± hazÄ±rla evhamlarÄ±m beni durdurmaz,NÃ¶tr,0 - 25%,0.0,1.0,0.0,0.0
"ğŸ”Š JavaScript EÄŸitimim YarÄ±n BaÅŸlÄ±yor KayÄ±t iÃ§in Son Saatler
ğŸ”¥ GeÃ§en Seneki Fiyatlarla Son EÄŸitim

âœï¸ KayÄ±t ve Detaylar iÃ§in:
ğŸ”— https://t.co/XwMhPXDwgW

ğŸ·ï¸ #ZaferDemirkol #Ocak2023 #YapayZeka #Python #EÄŸitim #JavaScript

https://t.co/HKlF3cFTsd",javascript eÄŸitimim yarÄ±n baÅŸlÄ±yor kayÄ±t iÃ§in son saatler geÃ§en seneki fiyatlarla son eÄŸitim kayÄ±t ve detaylar iÃ§in,javascript eÄŸitimim yarÄ±n baÅŸlÄ±yor kayÄ±t iÃ§in son saatler geÃ§en seneki fiyatlarla son eÄŸitim kayÄ±t ve detaylar iÃ§in,javascript eÄŸitimim yarÄ±n baÅŸlÄ±yor kayÄ±t iÃ§in son saatler geÃ§en seneki fiyatlarla son eÄŸitim kayÄ±t detaylar iÃ§in,NÃ¶tr,0 - 25%,0.0,1.0,0.0,0.0
"Python kodumuzda Ã§Ä±ktÄ± aÅŸaÄŸÄ±dakilerden hangisi olur?
*P
*h
*o
*n
YorumlarÄ±nÄ±zÄ± bekliyoruz.
#UNXAcademy #yazÄ±lÄ±m #software #haber #teknoloji #kod #coder #kodlamaÂ Â #yazÄ±lÄ±mmÃ¼hendisliÄŸiÂ #softwaredeveloperÂ #softwareengineerÂ #webdeveloperÂ #webdevelopmentÂ #gamedevÂ #gamedevelopment https://t.co/e4b8kSlIXS",python kodumuzda Ã§Ä±ktÄ± aÅŸaÄŸÄ±dakilerden hangisi olur ph Ã¶n yorumlarÄ±nÄ±zÄ± bekliyoruz Â Â  Â  Â  Â  Â  Â  Â ,python kodumuzda Ã§Ä±ktÄ± aÅŸaÄŸÄ±dakilerden hangisi olur ph Ã¶n yorumlarÄ±nÄ±zÄ± bekliyoruz Â Â  Â  Â  Â  Â  Â  Â ,python kodumuzda Ã§Ä±ktÄ± aÅŸaÄŸÄ±dakilerden hangisi olur ph Ã¶n yorumlarÄ±nÄ±zÄ± bekliyoruz,NÃ¶tr,0 - 25%,0.0,1.0,0.0,0.0
Tabular #MachineLearning #DataScience #SQL #Cybersecurity #BigData #Analytics #AI #IIoT #Python #RStats #TensorFlow #JavaScript #ReactJS #CloudComputing #Serverless #DataScientist #Linux #Programming #Coding #100DaysofCode #NodeJS #golang #NLP #GitHub #IoT #MLOps #AWS @Sheraj99 https://t.co/Yo0fpzhsGj,tabular,tabular,tabular,NÃ¶tr,0 - 25%,0.0,1.0,0.0,0.0
@mertbozkirr Ben birkaÃ§ gÃ¼n araÅŸtÄ±rma sonrasÄ± Python ile baÅŸladÄ±m.,ben birkaÃ§ gÃ¼n araÅŸtÄ±rma sonrasÄ± python ile baÅŸladÄ±m,ben birkaÃ§ gÃ¼n araÅŸtÄ±rma sonrasÄ± python ile baÅŸladÄ±m,ben birkaÃ§ gÃ¼n araÅŸtÄ±rma sonrasÄ± python ile baÅŸladÄ±m,NÃ¶tr,0 - 25%,0.0,1.0,0.0,0.0
python...... geÃ§tim.................ğŸ˜­ğŸ˜­ğŸ˜­ğŸ˜­duygucell,python geÃ§tim duygucell,python geÃ§tim duygucell,python geÃ§tim duygucell,NÃ¶tr,0 - 25%,0.0,1.0,0.0,0.0
"SQL BaÄŸlantÄ±larÄ±

ğŸ”Š JavaScript EÄŸitimim YarÄ±n BaÅŸlÄ±yor KayÄ±t iÃ§in Son Saatler
ğŸ”¥ GeÃ§en Seneki Fiyatlarla Son EÄŸitim

âœï¸ KayÄ±t ve Detaylar iÃ§in:
ğŸ”— https://t.co/1pK1h0NwFE

ğŸ·ï¸ #ZaferDemirkol #Ocak2023 #YapayZeka #Python #EÄŸitim #JavaScript https://t.co/G7aK0YSRnD",sql baÄŸlantÄ±larÄ± javascript eÄŸitimim yarÄ±n baÅŸlÄ±yor kayÄ±t iÃ§in son saatler geÃ§en seneki fiyatlarla son eÄŸitim kayÄ±t ve detaylar iÃ§in,sql baÄŸlantÄ±larÄ± javascript eÄŸitimim yarÄ±n baÅŸlÄ±yor kayÄ±t iÃ§in son saatler geÃ§en seneki fiyatlarla son eÄŸitim kayÄ±t ve detaylar iÃ§in,sql baÄŸlantÄ±larÄ± javascript eÄŸitimim yarÄ±n baÅŸlÄ±yor kayÄ±t iÃ§in son saatler geÃ§en seneki fiyatlarla son eÄŸitim kayÄ±t detaylar iÃ§in,NÃ¶tr,0 - 25%,0.0,1.0,0.0,0.0
Mq evladÄ± direkt Python kodu yazmÄ±ÅŸ https://t.co/HiGM4oDp7U,mq evladÄ± direkt python kodu yazmÄ±ÅŸ,mq evladÄ± direkt python kodu yazmÄ±ÅŸ,mq evladÄ± direkt python kodu yazmÄ±ÅŸ,NÃ¶tr,0 - 25%,0.0,1.0,0.0,0.0
"Yeni yazÄ±m yayÄ±nda

https://t.co/FdErXuBDYN",yeni yazÄ±m yayÄ±nda,yeni yazÄ±m yayÄ±nda,yeni yazÄ±m yayÄ±nda,NÃ¶tr,0 - 25%,0.0,1.0,0.0,0.0
Tabular #MachineLearning #DataScience #SQL #Cybersecurity #BigData #Analytics #AI #IIoT #Python #RStats #TensorFlow #JavaScript #ReactJS #CloudComputing #Serverless #DataScientist #Linux #Programming #Coding #100DaysofCode #NodeJS #golang #NLP #GitHub #IoT #MLOps #blockchain #AWS https://t.co/aWKFlQ2HH5,tabular,tabular,tabular,NÃ¶tr,0 - 25%,0.0,1.0,0.0,0.0
@oylebiri_21 @rukenerpolat @hizliemre26 aynÄ± durum bende de var. sektÃ¶r deÄŸiÅŸtiricem hatta. Ã¶rnekler filan Ã§Ã¶zÃ¼yorum ama ne zaman hazÄ±rÄ±m diyebilicem bilmiyorum. python Ã¶ÄŸreniyorum,aynÄ± durum bende de var sektÃ¶r deÄŸiÅŸtireceÄŸim hatta Ã¶rnekler filan Ã§Ã¶zÃ¼yorum ama ne zaman hazÄ±rÄ±m diyebileceÄŸim bilmiyorum python Ã¶ÄŸreniyorum,aynÄ± durum bende de var sektÃ¶r deÄŸiÅŸtireceÄŸim hatta Ã¶rnekler filan Ã§Ã¶zÃ¼yorum ama ne zaman hazÄ±rÄ±m diyebileceÄŸim bilmiyorum python Ã¶ÄŸreniyorum,aynÄ± durum bende de var sektÃ¶r deÄŸiÅŸtireceÄŸim hatta Ã¶rnekler filan Ã§Ã¶zÃ¼yorum ama ne zaman hazÄ±rÄ±m diyebileceÄŸim bilmiyorum python Ã¶ÄŸreniyorum,NÃ¶tr,0 - 25%,0.0,1.0,0.0,0.0
"Python ileYazacaÄŸÄ±nÄ±z Bu Makine Ã–ÄŸrenimi UygulamasÄ± GeleceÄŸi Tahmin Etmenizi SaÄŸlayacak https://t.co/nM9VYiNdT9 #AI #MachineLearning #DataScience #ArtificialIntelligence

Trending AI/ML Article Identified &amp; Digested via Granola; a Machine-Driven RSS Bot by Ramsey Elbasheer https://t.co/IocvjEMiEx",python ileyazacaÄŸÄ±nÄ±z bu makine Ã¶ÄŸrenimi uygulamasÄ± geleceÄŸi tahmin etmenizi saÄŸlayacak trendini ai ml article identified amp Digest'e via Gran'la a machine driven rss bot by ramsey elbaÅŸheer,python ileyazacaÄŸÄ±nÄ±z bu makine Ã¶ÄŸrenimi uygulamasÄ± geleceÄŸi tahmin etmenizi saÄŸlayacak trendini ai ml article identified amp Digest'e via Gran'la a machine driven rss bot by ramsey elbaÅŸheer,python ileyazacaÄŸÄ±nÄ±z bu makine Ã¶ÄŸrenimi uygulamasÄ± geleceÄŸi tahmin etmenizi saÄŸlayacak trendini ai ml article identified amp Digest'e via Gran'la machine driven rss bot ramsey elbaÅŸheer,NÃ¶tr,0 - 25%,0.0,1.0,0.0,0.0
"@doctoelavinia Baya kompleks sql queryleri yazÄ±p, ihtiyacÄ±na gÃ¶re dÃ¼zenleyebiliyor tamamen beyan Ã¼zerine. Keza python da da basit kodlarÄ± yazÄ±yor. HenÃ¼z oo denemeleri yapmadÄ±m. Ancak kod parÃ§alarÄ± oluÅŸturma ve kullanma insanlarÄ±n baya iÅŸini yarÄ±yor.",baya kompleks sql queryleri yazÄ±p ihtiyacÄ±na gÃ¶re dÃ¼zenleyebiliyor tamamen beyan Ã¼zerine keza python da da basit kodlarÄ± yazÄ±yor henÃ¼z oo denemeleri yapmadÄ±m ancak kod parÃ§alarÄ± oluÅŸturma ve kullanma insanlarÄ±n baya iÅŸini yarÄ±yor,baya kompleks sql queryleri yazÄ±p ihtiyacÄ±na gÃ¶re dÃ¼zenleyebiliyor tamamen beyan Ã¼zerine keza python da da basit kodlarÄ± yazÄ±yor henÃ¼z oo denemeleri yapmadÄ±m ancak kod parÃ§alarÄ± oluÅŸturma ve kullanma insanlarÄ±n baya iÅŸini yarÄ±yor,baya kompleks sql queryleri yazÄ±p ihtiyacÄ±na gÃ¶re dÃ¼zenleyebiliyor tamamen beyan Ã¼zerine keza python da da basit kodlarÄ± yazÄ±yor henÃ¼z oo denemeleri yapmadÄ±m ancak kod parÃ§alarÄ± oluÅŸturma kullanma insanlarÄ±n baya iÅŸini yarÄ±yor,NÃ¶tr,0 - 25%,0.0,1.0,0.0,0.0
hadi ya skandala bak 1.35 dolarÄ± beÄŸenmeyenler gelsin Bilkent Ãœniversitesi'nde python lab asistanlÄ±ÄŸÄ± yapsÄ±nlar bakalÄ±m saatte kaÃ§ dolaresmiÅŸ https://t.co/6Mhfz6pVbk,hadi ya skandala bak dolarÄ± beÄŸenmeyenler gelsin bilkent Ã¼niversitesinde python lab asistanlÄ±ÄŸÄ± yapsÄ±nlar bakalÄ±m saatte kaÃ§ Dolores'miÅŸ,hadi ya skandala bak dolarÄ± beÄŸenmeyenler gelsin bilkent Ã¼niversitesinde python lab asistanlÄ±ÄŸÄ± yapsÄ±nlar bakalÄ±m saatte kaÃ§ Dolores'miÅŸ,hadi ya skandala bak dolarÄ± beÄŸenmeyenler gelsin bilkent Ã¼niversitesinde python lab asistanlÄ±ÄŸÄ± yapsÄ±nlar bakalÄ±m saatte kaÃ§ Dolores'miÅŸ,NÃ¶tr,0 - 25%,0.0,1.0,0.0,0.0
Tabular #MachineLearning #DataScience #SQL #Cybersecurity #BigData #Analytics #AI #IIoT #Python #RStats #TensorFlow #JavaScript #ReactJS #CloudComputing #Serverless #DataScientist #Linux #Programming #Coding #100DaysofCode #NodeJS #golang #NLP #GitHub #IoT #MLOps #blockchain #AWS https://t.co/DUUbSWUzaM,tabular,tabular,tabular,NÃ¶tr,0 - 25%,0.0,1.0,0.0,0.0
"@hippomanick @istemidr R, Python varken ne alaka taÅŸ devrinde miyiz SPSS sas",r python varken ne alaka taÅŸ devrinde miyiz kpss ÅŸaÅŸ,r python varken ne alaka taÅŸ devrinde miyiz kpss ÅŸaÅŸ,r python varken ne alaka taÅŸ devrinde miyiz kpss ÅŸaÅŸ,NÃ¶tr,0 - 25%,0.0,1.0,0.0,0.0
@istemidr @Stoic432 Python kudu kullanmadÄ±m ben Ã¼zerinde ama kulay bir program,python kuru kullanmadÄ±m ben Ã¼zerinde ama kolay bir program,python kuru kullanmadÄ±m ben Ã¼zerinde ama kolay bir program,python kuru kullanmadÄ±m ben Ã¼zerinde ama kolay bir program,NÃ¶tr,0 - 25%,0.0,1.0,0.0,0.0
"@melik123turan @hizliemre26 Ben vereyim.

TecrÃ¼be: yeni mezun (1,5 yÄ±l staj deneyimi)
Pos: Full stack dev
Tech Stack: python html css bootstrap
MaaÅŸ: 24.000 BRÃœT + Ã§ok iyi yan haklar
Ã‡alÄ±ÅŸma ÅŸekli: hibrit",ben vereyim tecrÃ¼be yeni mezun yÄ±l staj deneyimi pos full stack dev tech stack python html css bootstrap maaÅŸ brÃ¼t Ã§ok iyi yan haklar Ã§alÄ±ÅŸma ÅŸekli hibrit,ben vereyim tecrÃ¼be yeni mezun yÄ±l staj deneyimi pos full stack dev tech stack python html css bootstrap maaÅŸ brÃ¼t Ã§ok iyi yan haklar Ã§alÄ±ÅŸma ÅŸekli hibrit,ben vereyim tecrÃ¼be yeni mezun yÄ±l staj deneyimi pos full stack dev tech stack python html css bootstrap maaÅŸ brÃ¼t Ã§ok iyi yan haklar Ã§alÄ±ÅŸma ÅŸekli hibrit,Pozitif,%50 - %75,0.0,1.0,0.0,0.0
"@Stoic432 Ya Python destekli 26. versiyonu var artÄ±k, kullanÄ±ÅŸlÄ± hale geliyor. Sosyal bilimcilere veri bilimi derslerini vermezlerse bÃ¶yle Ã§akallar tabii demode ÅŸeyleri eÄŸitim olarak satar. Eminim ki alan enayiler vardÄ±r.",ya python destekli versiyonu var artÄ±k kullanÄ±ÅŸlÄ± hale geliyor sosyal bilimcilere veri bilimi derslerini vermezlerse bÃ¶yle Ã§akallar tabii demode ÅŸeyleri eÄŸitim olarak satar eminim ki alan enayiler vardÄ±r,ya python destekli versiyonu var artÄ±k kullanÄ±ÅŸlÄ± hale geliyor sosyal bilimcilere veri bilimi derslerini vermezlerse bÃ¶yle Ã§akallar tabii demode ÅŸeyleri eÄŸitim olarak satar eminim ki alan enayiler vardÄ±r,ya python destekli versiyonu var artÄ±k kullanÄ±ÅŸlÄ± hale geliyor sosyal bilimcilere veri bilimi derslerini vermezlerse bÃ¶yle Ã§akallar tabii demode ÅŸeyleri eÄŸitim olarak satar eminim ki alan enayiler vardÄ±r,NÃ¶tr,0 - 25%,0.0,1.0,0.0,0.0
"GitMiner
#python #pythonnews #pythondaily #informationgatheringtool #gitminer 

https://t.co/msES52mjmp",gitminer,gitminer,gitminer,NÃ¶tr,0 - 25%,0.0,1.0,0.0,0.0
"Konuyu seÃ§in.
GÃ¼nlÃ¼k Ã¶ÄŸrenme hedefinizi ayarlayÄ±n.
BaÅŸlayÄ±n ve gÃ¼nlÃ¼k gÃ¶revlerinizi tamamlayÄ±n.
Uygulama iÃ§inde kod da yazabilirsiniz.

Ã–rnek: GÃ¼nde 2 ders Introduction to Python https://t.co/Alt4xBlKMR",konuyu seÃ§in gÃ¼nlÃ¼k Ã¶ÄŸrenme hedefinizi ayarlayÄ±n baÅŸlayÄ±n ve gÃ¼nlÃ¼k gÃ¶revlerinizi tamamlasanÄ±za uygulama iÃ§inde kod da yazabilirsiniz Ã¶rnek gÃ¼nde ders introduction to python,konuyu seÃ§in gÃ¼nlÃ¼k Ã¶ÄŸrenme hedefinizi ayarlayÄ±n baÅŸlayÄ±n ve gÃ¼nlÃ¼k gÃ¶revlerinizi tamamlasanÄ±za uygulama iÃ§inde kod da yazabilirsiniz Ã¶rnek gÃ¼nde ders introduction to python,konuyu seÃ§in gÃ¼nlÃ¼k Ã¶ÄŸrenme hedefinizi ayarlayÄ±n baÅŸlayÄ±n gÃ¼nlÃ¼k gÃ¶revlerinizi tamamlasanÄ±za uygulama iÃ§inde kod da yazabilirsiniz Ã¶rnek gÃ¼nde ders introduction python,NÃ¶tr,0 - 25%,0.0,1.0,0.0,0.0
@merttcanbakar @oozn Hocam ne iÃ§in kullanmak istediÄŸini bilmiyorum ama ben finallere Ã§alÄ±ÅŸÄ±rken Ã§ok faydalandÄ±m. Bi ara python Ã§alÄ±ÅŸÄ±rken de kullandÄ±m. EÄŸitmenin yazdÄ±ÄŸÄ± koddan daha iyi bir kod yazdÄ±. Senaryo yazdÄ±rmayÄ± denedim bir iÅŸ iÃ§in o konuda Ã§ok iyi deÄŸil. Writing practice falan yaptÄ±m.,hocam ne iÃ§in kullanmak istediÄŸini bilmiyorum ama ben finallere Ã§alÄ±ÅŸÄ±rken Ã§ok faydalandÄ±m bir ara python Ã§alÄ±ÅŸÄ±rken de kullandÄ±m eÄŸitmenin yazdÄ±ÄŸÄ± koddan daha iyi bir kod yazdÄ± senaryo yazdÄ±rmayÄ± denedim bir iÅŸ iÃ§in o konuda Ã§ok iyi deÄŸil writing practice falan yaptÄ±m,hocam ne iÃ§in kullanmak istediÄŸini bilmiyorum ama ben finallere Ã§alÄ±ÅŸÄ±rken Ã§ok faydalandÄ±m bir ara python Ã§alÄ±ÅŸÄ±rken de kullandÄ±m eÄŸitmenin yazdÄ±ÄŸÄ± koddan daha iyi bir kod yazdÄ± senaryo yazdÄ±rmayÄ± denedim bir iÅŸ iÃ§in o konuda Ã§ok iyi deÄŸil writing practice falan yaptÄ±m,hocam ne iÃ§in kullanmak istediÄŸini bilmiyorum ama ben finallere Ã§alÄ±ÅŸÄ±rken Ã§ok faydalandÄ±m bir ara python Ã§alÄ±ÅŸÄ±rken de kullandÄ±m eÄŸitmenin yazdÄ±ÄŸÄ± koddan daha iyi bir kod yazdÄ± senaryo yazdÄ±rmayÄ± denedim bir iÅŸ iÃ§in konuda Ã§ok iyi deÄŸil writing practice falan yaptÄ±m,NÃ¶tr,0 - 25%,0.0,1.0,0.0,0.0
"bir dÃ¶nem yalandan Ã¶vdÃ¼ÄŸÃ¼m iÅŸler
formula 1 
alternative rock
klasik mÃ¼zik
premier lig
yaÄŸlÄ± gÃ¼reÅŸ sezonu
breaking bad ve monty python",bir dÃ¶nem yalandan Ã¶vdÃ¼ÄŸÃ¼m iÅŸler formula alternatif rock klasik mÃ¼zik premier lig yaÄŸlÄ± gÃ¼reÅŸ sezonu breaking bad ve monty python,bir dÃ¶nem yalandan Ã¶vdÃ¼ÄŸÃ¼m iÅŸler formula alternatif rock klasik mÃ¼zik premier lig yaÄŸlÄ± gÃ¼reÅŸ sezonu breaking bad ve monty python,bir dÃ¶nem yalandan Ã¶vdÃ¼ÄŸÃ¼m iÅŸler formula alternatif rock klasik mÃ¼zik premier lig yaÄŸlÄ± gÃ¼reÅŸ sezonu breaking bad monty python,Negatif,%50 - %75,0.163,0.837,0.0,-0.5423
@ulkubayraktar_ @hizliemre26 ğŸ˜‚ python hic olmamaliydi ama olmus iste,python hiÃ§ olmamalÄ±ydÄ± ama olmuÅŸ iÅŸte,python hiÃ§ olmamalÄ±ydÄ± ama olmuÅŸ iÅŸte,python hiÃ§ olmamalÄ±ydÄ± ama olmuÅŸ iÅŸte,NÃ¶tr,0 - 25%,0.0,1.0,0.0,0.0
"Bu haftasonu @AtolyeUskudar 'da  Arduino ve Python eÄŸitimleri gerÃ§ekleÅŸtirdik. Bize bu fÄ±rsatÄ± sunduklarÄ± iÃ§in @AtolyeUskudar â€˜a Ã§ok teÅŸekkÃ¼r ederiz! ğŸ’»ğŸ’«âš™ï¸â¤ï¸
@FIRSTweets @FYukselFound https://t.co/Xu3LrNuG1v",bu haftasonu da arduino ve python eÄŸitimleri gerÃ§ekleÅŸtirdik bize bu fÄ±rsatÄ± sunduklarÄ± iÃ§in a Ã§ok teÅŸekkÃ¼r ederiz,bu haftasonu da arduino ve python eÄŸitimleri gerÃ§ekleÅŸtirdik bize bu fÄ±rsatÄ± sunduklarÄ± iÃ§in a Ã§ok teÅŸekkÃ¼r ederiz,bu haftasonu da arduino python eÄŸitimleri gerÃ§ekleÅŸtirdik bize bu fÄ±rsatÄ± sunduklarÄ± iÃ§in Ã§ok teÅŸekkÃ¼r ederiz,NÃ¶tr,0 - 25%,0.0,1.0,0.0,0.0
"Akbank Python Bootcamp'e baÅŸvurmak iÃ§in son 3 gÃ¼n!
&lt;&lt;https://t.co/A9gDweUrOi&gt;&gt; projesi kapsamÄ±nda tamamen Ã¼cretsiz bu Bootcamp'e hemen baÅŸvur, eÄŸitim, iÅŸ ve staj fÄ±rsatlarÄ±ndan yararlan!
BaÅŸvuru linki: https://t.co/Tn8Xkcd6Dy

#python #ai #bootcamp #yazilim #kodlama #developer https://t.co/oSjHwIoO5z",akbank python bootcamp e baÅŸvurmak iÃ§in son gÃ¼n lt lt projesi kapsamÄ±nda tamamen Ã¼cretsiz bu bootcamp e hemen baÅŸvur eÄŸitim iÅŸ ve staj fÄ±rsatlarÄ±ndan yararlansana baÅŸvuru linki,akbank python bootcamp e baÅŸvurmak iÃ§in son gÃ¼n lt lt projesi kapsamÄ±nda tamamen Ã¼cretsiz bu bootcamp e hemen baÅŸvur eÄŸitim iÅŸ ve staj fÄ±rsatlarÄ±ndan yararlansana baÅŸvuru linki,akbank python bootcamp e baÅŸvurmak iÃ§in son gÃ¼n lt lt projesi kapsamÄ±nda tamamen Ã¼cretsiz bu bootcamp e hemen baÅŸvur eÄŸitim iÅŸ staj fÄ±rsatlarÄ±ndan yararlansana baÅŸvuru linki,NÃ¶tr,0 - 25%,0.0,1.0,0.0,0.0
"Data Science ve Python kurslarÄ±mÄ±z 28 Ocakâ€™ta baÅŸlÄ±yor
Siz de kariyer hayatÄ±nÄ±za alanÄ±nda en iyi eÄŸitmenler ile yÃ¶n vermek istiyorsanÄ±z bize ulaÅŸÄ±n 

#DataScience #Python #developer #admin #yazÄ±lÄ±m #yazÄ±lÄ±mcÄ± #kodlama #SoftwareDeveloper https://t.co/HqM8FbKnZx",data science ve python kurslarÄ±mÄ±z ocak ta baÅŸlÄ±yor siz de kariyer hayatÄ±nÄ±za alanÄ±nda en iyi eÄŸitmenler ile yÃ¶n vermek istiyorsanÄ±z bize ulaÅŸÄ±n,data science ve python kurslarÄ±mÄ±z ocak ta baÅŸlÄ±yor siz de kariyer hayatÄ±nÄ±za alanÄ±nda en iyi eÄŸitmenler ile yÃ¶n vermek istiyorsanÄ±z bize ulaÅŸÄ±n,data science python kurslarÄ±mÄ±z ocak ta baÅŸlÄ±yor siz de kariyer hayatÄ±nÄ±za alanÄ±nda en iyi eÄŸitmenler ile yÃ¶n vermek istiyorsanÄ±z bize ulaÅŸÄ±n,NÃ¶tr,0 - 25%,0.0,1.0,0.0,0.0
"PHP'nin kÃ¶tÃ¼ ÅŸÃ¶hretinin olaÄŸan ÅŸÃ¼phelileri (alÄ±ntÄ±):

1- Tabii ki Wordpress.
2- Hala PHP 3 kullananlar.
3- NoktalÄ± virgÃ¼lleri ve sÃ¼slÃ¼ parantezleri unutup duran Ruby ve Python hayranlarÄ±.",phpnin kÃ¶tÃ¼ ÅŸÃ¶hretinin olaÄŸan ÅŸÃ¼phelileri alÄ±ntÄ± tabii ki wordpress hala php kullananlar noktalÄ± virgÃ¼lleri ve sÃ¼slÃ¼ parantezleri unutup duran ruby ve python hayranlarÄ±,phpnin kÃ¶tÃ¼ ÅŸÃ¶hretinin olaÄŸan ÅŸÃ¼phelileri alÄ±ntÄ± tabii ki wordpress hala php kullananlar noktalÄ± virgÃ¼lleri ve sÃ¼slÃ¼ parantezleri unutup duran ruby ve python hayranlarÄ±,phpnin kÃ¶tÃ¼ ÅŸÃ¶hretinin olaÄŸan ÅŸÃ¼phelileri alÄ±ntÄ± tabii ki wordpress hala php kullananlar noktalÄ± virgÃ¼lleri sÃ¼slÃ¼ parantezleri unutup duran ruby python hayranlarÄ±,NÃ¶tr,0 - 25%,0.0,1.0,0.0,0.0
@hizliemre26 Python nasÄ±l diÄŸer sayÄ±lÄ±r. ÃœzdÃ¼ :(,python nasÄ±l diÄŸer sayÄ±lÄ±r Ã¼zdÃ¼,python nasÄ±l diÄŸer sayÄ±lÄ±r Ã¼zdÃ¼,python nasÄ±l diÄŸer sayÄ±lÄ±r Ã¼zdÃ¼,NÃ¶tr,0 - 25%,0.0,1.0,0.0,0.0
"karatsuba
https://t.co/Nua5V7JKaA https://t.co/1HAmYfVUFo",karatsuba,karatsuba,karatsuba,NÃ¶tr,0 - 25%,0.0,1.0,0.0,0.0
"#TÃ¼gvaÄ°cathane 

Ä°cathane eÄŸitimimizde bu hafta, Python programlamada kendi fonksiyonumuzun nasÄ±l yazÄ±lacaÄŸÄ± Ã¶ÄŸrenildi. ğŸš€

#Ä°ÅŸimizGÃ¼cÃ¼mÃ¼zGenÃ§lik https://t.co/Je2yOMTJDK",icathane eÄŸitimimizde bu hafta python programlamada kendi fonksiyonumuzun nasÄ±l yazÄ±lacaÄŸÄ± Ã¶ÄŸrenildi,icathane eÄŸitimimizde bu hafta python programlamada kendi fonksiyonumuzun nasÄ±l yazÄ±lacaÄŸÄ± Ã¶ÄŸrenildi,icathane eÄŸitimimizde bu hafta python programlamada kendi fonksiyonumuzun nasÄ±l yazÄ±lacaÄŸÄ± Ã¶ÄŸrenildi,NÃ¶tr,0 - 25%,0.0,1.0,0.0,0.0
"E-Devlet'te bulunan bazÄ± eÄŸitimler: - YabancÄ± dil eÄŸitimleri
- Arama motoru optimizasyonu (SEO)
- 3ds Max ile modelleme
- Python ile programlama
- SQL
- Excel eÄŸitimi https://t.co/PG9wuPCA5O",e devlet te bulunan bazÄ± eÄŸitimler yabancÄ± dil eÄŸitimleri arama motoru optimizasyonu seo ds max ile modelleme python ile programlama sql excel eÄŸitimi,e devlet te bulunan bazÄ± eÄŸitimler yabancÄ± dil eÄŸitimleri arama motoru optimizasyonu seo ds max ile modelleme python ile programlama sql excel eÄŸitimi,e devlet te bulunan bazÄ± eÄŸitimler yabancÄ± dil eÄŸitimleri arama motoru optimizasyonu seo ds max ile modelleme python ile programlama sql excel eÄŸitimi,NÃ¶tr,0 - 25%,0.0,0.88,0.12,0.4588
"C# bir kÃ¼ltÃ¼rdÃ¼r. Ben c# kadÄ±nÄ±yÄ±m. YazarsÄ±n, yazmazsÄ±n, Python eÄŸhw diye gezersin; beni ilgilendirmez. Ben c# severim. GeÃ§en sene yazdÄ±ÄŸÄ±m Ã§akma onedio testini gÃ¶ren hanÄ±mefendilerden â€œHelal olsunâ€ diyenler duydum. Bu baÅŸka bir ÅŸeydir. Mesela bu vsformapp ailesinde bir kuraldÄ±r.",c bir kÃ¼ltÃ¼rdÃ¼r ben c kadÄ±nÄ±yÄ±m yazarsÄ±n yazmazsÄ±n python eghw diye gezersin beni ilgilendirmez ben c severim geÃ§en sene yazdÄ±ÄŸÄ±m Ã§akma Ã¶nedim testini gÃ¶ren hanÄ±mefendilerden helal olsun diyenler duydum bu baÅŸka bir ÅŸeydir mesela bu vsformapp ailesinde bir kuraldÄ±r,c bir kÃ¼ltÃ¼rdÃ¼r ben c kadÄ±nÄ±yÄ±m yazarsÄ±n yazmazsÄ±n python eghw diye gezersin beni ilgilendirmez ben c severim geÃ§en sene yazdÄ±ÄŸÄ±m Ã§akma Ã¶nedim testini gÃ¶ren hanÄ±mefendilerden helal olsun diyenler duydum bu baÅŸka bir ÅŸeydir mesela bu vsformapp ailesinde bir kuraldÄ±r,c bir kÃ¼ltÃ¼rdÃ¼r ben c kadÄ±nÄ±yÄ±m yazarsÄ±n yazmazsÄ±n python eghw diye gezersin beni ilgilendirmez ben c severim geÃ§en sene yazdÄ±ÄŸÄ±m Ã§akma Ã¶nedim testini gÃ¶ren hanÄ±mefendilerden helal olsun diyenler duydum bu baÅŸka bir ÅŸeydir mesela bu vsformapp ailesinde bir kuraldÄ±r,NÃ¶tr,0 - 25%,0.0,1.0,0.0,0.0
"@yoyiloos Datalar python veya c++ Ã¼zerinden gidiliyo, hocasÄ±na gÃ¶r deÄŸiÅŸir. Atabey pythoncÄ± yapÄ±ÅŸ ona aranÄ± iyi tutarsan yurt dÄ±ÅŸÄ± kapÄ±larÄ± da aÃ§Ä±lÄ±r, muhteÅŸem biri.",datalar python veya c Ã¼zerinden gidiliyor hocasÄ±na gÃ¶r deÄŸiÅŸir atabey Python'ca yapÄ±ÅŸ ona aranÄ± iyi tutarsan yurt dÄ±ÅŸÄ± kapÄ±larÄ± da aÃ§Ä±lÄ±r muhteÅŸem biri,datalar python veya c Ã¼zerinden gidiliyor hocasÄ±na gÃ¶r deÄŸiÅŸir atabey Python'ca yapÄ±ÅŸ ona aranÄ± iyi tutarsan yurt dÄ±ÅŸÄ± kapÄ±larÄ± da aÃ§Ä±lÄ±r muhteÅŸem biri,datalar python veya c Ã¼zerinden gidiliyor hocasÄ±na gÃ¶r deÄŸiÅŸir atabey Python'ca yapÄ±ÅŸ ona aranÄ± iyi tutarsan yurt dÄ±ÅŸÄ± kapÄ±larÄ± da aÃ§Ä±lÄ±r muhteÅŸem biri,NÃ¶tr,0 - 25%,0.0,1.0,0.0,0.0
"EÄŸitimi @bogazicienstitu den aldÄ±m. Kurs sonunda bir deÄŸerlendirme yapacaÄŸÄ±m. 
#yazÄ±lÄ±m #Python https://t.co/IjDevpoUvM",eÄŸitimi den aldÄ±m kurs sonunda bir deÄŸerlendirme yapacaÄŸÄ±m,eÄŸitimi den aldÄ±m kurs sonunda bir deÄŸerlendirme yapacaÄŸÄ±m,eÄŸitimi den aldÄ±m kurs sonunda bir deÄŸerlendirme yapacaÄŸÄ±m,NÃ¶tr,0 - 25%,0.0,1.0,0.0,0.0
"ğŸ”Š JavaScript EÄŸitimime Ã‡ok Az KaldÄ±

ğŸ”¥ Hemen kayÄ±t olun fiyat artÄ±ÅŸÄ±ndan etkilenmeyin

âœï¸ KayÄ±t ve Detaylar iÃ§in:

ğŸ”— https://t.co/XwMhPXE46u

ğŸ·ï¸ #ZaferDemirkol #Ocak2023 #YapayZeka #Python #EÄŸitim #JavaScript https://t.co/8hHZSS17xW",javascript eÄŸitimime Ã§ok az kaldÄ± hemen kayÄ±t olun fiyat artÄ±ÅŸÄ±ndan etkilenmeyin kayÄ±t ve detaylar iÃ§in,javascript eÄŸitimime Ã§ok az kaldÄ± hemen kayÄ±t olun fiyat artÄ±ÅŸÄ±ndan etkilenmeyin kayÄ±t ve detaylar iÃ§in,javascript eÄŸitimime Ã§ok az kaldÄ± hemen kayÄ±t olun fiyat artÄ±ÅŸÄ±ndan etkilenmeyin kayÄ±t detaylar iÃ§in,NÃ¶tr,0 - 25%,0.0,1.0,0.0,0.0
"#flask #python #framework https://t.co/tPEdMRUS1R Flask tamamÄ±yla Python programlama dilinde yazÄ±lmÄ±ÅŸ bir web geliÅŸtirme Ã§atÄ±sÄ±, framework'Ã¼dÃ¼r. Ã–ÄŸrenmesi ve kullanmasÄ± oldukÃ§a kolaydÄ±r. Flask Nedir? https://t.co/ht5gzpzJVU",flaÅŸ tamamÄ±yla python programlama dilinde yazÄ±lmÄ±ÅŸ bir web geliÅŸtirme Ã§atÄ±sÄ± framework der Ã¶ÄŸrenmesi ve kullanmasÄ± oldukÃ§a kolaydÄ±r flaÅŸ nedir,flaÅŸ tamamÄ±yla python programlama dilinde yazÄ±lmÄ±ÅŸ bir web geliÅŸtirme Ã§atÄ±sÄ± framework der Ã¶ÄŸrenmesi ve kullanmasÄ± oldukÃ§a kolaydÄ±r flaÅŸ nedir,flaÅŸ tamamÄ±yla python programlama dilinde yazÄ±lmÄ±ÅŸ bir web geliÅŸtirme Ã§atÄ±sÄ± framework der Ã¶ÄŸrenmesi kullanmasÄ± oldukÃ§a kolaydÄ±r flaÅŸ nedir,NÃ¶tr,0 - 25%,0.0,1.0,0.0,0.0
"#flask #python #framework

https://t.co/LPNR8aoKeJ

Flask tamamÄ±yla Python programlama dilinde yazÄ±lmÄ±ÅŸ bir web geliÅŸtirme Ã§atÄ±sÄ±, framework'Ã¼dÃ¼r. Ã–ÄŸrenmesi ve kullanmasÄ± oldukÃ§a kolaydÄ±r.

Flask Nedir?",flaÅŸ tamamÄ±yla python programlama dilinde yazÄ±lmÄ±ÅŸ bir web geliÅŸtirme Ã§atÄ±sÄ± framework der Ã¶ÄŸrenmesi ve kullanmasÄ± oldukÃ§a kolaydÄ±r flaÅŸ nedir,flaÅŸ tamamÄ±yla python programlama dilinde yazÄ±lmÄ±ÅŸ bir web geliÅŸtirme Ã§atÄ±sÄ± framework der Ã¶ÄŸrenmesi ve kullanmasÄ± oldukÃ§a kolaydÄ±r flaÅŸ nedir,flaÅŸ tamamÄ±yla python programlama dilinde yazÄ±lmÄ±ÅŸ bir web geliÅŸtirme Ã§atÄ±sÄ± framework der Ã¶ÄŸrenmesi kullanmasÄ± oldukÃ§a kolaydÄ±r flaÅŸ nedir,NÃ¶tr,0 - 25%,0.0,1.0,0.0,0.0
@sedefkrmnl Olacak,olacak,olacak,olacak,NÃ¶tr,0 - 25%,0.0,1.0,0.0,0.0
"#flask #python #framework

https://t.co/Yv0ISwpmHZ

Flask tamamÄ±yla Python programlama dilinde yazÄ±lmÄ±ÅŸ bir web geliÅŸtirme Ã§atÄ±sÄ±, framework'Ã¼dÃ¼r. Ã–ÄŸrenmesi ve kullanmasÄ± oldukÃ§a kolaydÄ±r.

Flask Nedir?",flaÅŸ tamamÄ±yla python programlama dilinde yazÄ±lmÄ±ÅŸ bir web geliÅŸtirme Ã§atÄ±sÄ± framework der Ã¶ÄŸrenmesi ve kullanmasÄ± oldukÃ§a kolaydÄ±r flaÅŸ nedir,flaÅŸ tamamÄ±yla python programlama dilinde yazÄ±lmÄ±ÅŸ bir web geliÅŸtirme Ã§atÄ±sÄ± framework der Ã¶ÄŸrenmesi ve kullanmasÄ± oldukÃ§a kolaydÄ±r flaÅŸ nedir,flaÅŸ tamamÄ±yla python programlama dilinde yazÄ±lmÄ±ÅŸ bir web geliÅŸtirme Ã§atÄ±sÄ± framework der Ã¶ÄŸrenmesi kullanmasÄ± oldukÃ§a kolaydÄ±r flaÅŸ nedir,NÃ¶tr,0 - 25%,0.0,1.0,0.0,0.0
"@emrahgulsunar Monty Python ekibinin Life of Brian filmi NorveÃ§'te yasaklanmasÄ±nÄ±n ardÄ±ndan Ä°sveÃ§'te ""NorveÃ§'te yasaklanan komik film"" diye tanÄ±tÄ±ldÄ±. Life of Brian filmi, Ä°ncil'i yakmaktan Ã§ok daha provoke edici, Ã§ok daha sofistike, Ã§ok sert bir eylemdi.",monty python ekibinin life of brian filmi norveÃ§ te yasaklanmasÄ±nÄ±n ardÄ±ndan isveÃ§ te norveÃ§ te yasaklanan komik film diye tanÄ±tÄ±ldÄ± life of brian filmi incili yakmaktan Ã§ok daha provoke edici Ã§ok daha sofistike Ã§ok sert bir eylemdi,monty python ekibinin life of brian filmi norveÃ§ te yasaklanmasÄ±nÄ±n ardÄ±ndan isveÃ§ te norveÃ§ te yasaklanan komik film diye tanÄ±tÄ±ldÄ± life of brian filmi incili yakmaktan Ã§ok daha provoke edici Ã§ok daha sofistike Ã§ok sert bir eylemdi,monty python ekibinin life brian filmi norveÃ§ te yasaklanmasÄ±nÄ±n ardÄ±ndan isveÃ§ te norveÃ§ te yasaklanan komik film diye tanÄ±tÄ±ldÄ± life brian filmi incili yakmaktan Ã§ok daha provoke edici Ã§ok daha sofistike Ã§ok sert bir eylemdi,NÃ¶tr,0 - 25%,0.074,0.926,0.0,-0.4019
Bu kod neden Ã§alÄ±ÅŸmaz. Bari hata ver. Ã‡alÄ±ÅŸan uygulamanÄ±n aynÄ± satÄ±rlarÄ±. Sadece link deÄŸiÅŸti. N11 linkinden sonra eski Ã§alÄ±ÅŸan linki deniyorum yine olmuyor. Gece Python 3.9.13'Ã¼ ve VS Code programlarÄ±nÄ± kaldÄ±rÄ±p tekrar yÃ¼kletti. Ama yok. https://t.co/joHTM8TTP3,bu kod neden Ã§alÄ±ÅŸmaz bari hata ver Ã§alÄ±ÅŸan uygulamanÄ±n aynÄ± satÄ±rlarÄ± sadece link deÄŸiÅŸtin linkinden sonra eski Ã§alÄ±ÅŸan linki deniyorum yine olmuyor gece python u ve vs code programlarÄ±nÄ± kaldÄ±rÄ±p tekrar yÃ¼kletti ama yok,bu kod neden Ã§alÄ±ÅŸmaz bari hata ver Ã§alÄ±ÅŸan uygulamanÄ±n aynÄ± satÄ±rlarÄ± sadece link deÄŸiÅŸtin linkinden sonra eski Ã§alÄ±ÅŸan linki deniyorum yine olmuyor gece python u ve vs code programlarÄ±nÄ± kaldÄ±rÄ±p tekrar yÃ¼kletti ama yok,bu kod neden Ã§alÄ±ÅŸmaz bari hata ver Ã§alÄ±ÅŸan uygulamanÄ±n aynÄ± satÄ±rlarÄ± sadece link deÄŸiÅŸtin linkinden sonra eski Ã§alÄ±ÅŸan linki deniyorum yine olmuyor gece python u vs code programlarÄ±nÄ± kaldÄ±rÄ±p tekrar yÃ¼kletti ama yok,NÃ¶tr,0 - 25%,0.0,1.0,0.0,0.0
"Her ne kadar Python iÃ§in Ã¶lÃ¼p bitiyor olsamda, kalbimin derinliklerinde bir yerlerde Go dili de duruyor https://t.co/jKGu1Mp4qY",her ne kadar python iÃ§in Ã¶lÃ¼p bitiyor olmamda kalbimin derinliklerinde bir yerlerde go dili de duruyor,her ne kadar python iÃ§in Ã¶lÃ¼p bitiyor olmamda kalbimin derinliklerinde bir yerlerde go dili de duruyor,ne kadar python iÃ§in Ã¶lÃ¼p bitiyor olmamda kalbimin derinliklerinde bir yerlerde go dili de duruyor,NÃ¶tr,0 - 25%,0.0,1.0,0.0,0.0
"PyArmor ile kaynak kodu ÅŸifrelenmiÅŸ Python projelerinin kodlarÄ±nÄ± aÃ§Ä±ÄŸa Ã§Ä±kartmaya imkan saÄŸlayan yÃ¶ntemler

https://t.co/8PZebUytWn",pyarmor ile kaynak kodu ÅŸifrelenmiÅŸ python projelerinin kodlarÄ±nÄ± aÃ§Ä±ÄŸa Ã§Ä±kartmaya imkan saÄŸlayan yÃ¶ntemler,pyarmor ile kaynak kodu ÅŸifrelenmiÅŸ python projelerinin kodlarÄ±nÄ± aÃ§Ä±ÄŸa Ã§Ä±kartmaya imkan saÄŸlayan yÃ¶ntemler,pyarmor ile kaynak kodu ÅŸifrelenmiÅŸ python projelerinin kodlarÄ±nÄ± aÃ§Ä±ÄŸa Ã§Ä±kartmaya imkan saÄŸlayan yÃ¶ntemler,NÃ¶tr,0 - 25%,0.0,1.0,0.0,0.0
"@finance_python Bu dediÄŸiniz borsalarÄ± Ã¼zerinde sÄ±kÄ± kamu denetiminin, kirlenmemiÅŸ kamu otoritelerinin, hilesiz saydamlÄ±ÄŸÄ±n olduÄŸu Ã¼lkelerde bu dediÄŸiniz sorun yaratmaz ama bunun tersi bizim gibi Ã¼lkelerde kÃ¼Ã§Ã¼cÃ¼k k yatÄ±rÄ±mcÄ±nÄ±n soyulmasÄ±na yol aÃ§ar! AÃ§Ä±yor da zatenâ€¦",bu dediÄŸiniz borsalarÄ± Ã¼zerinde sÄ±kÄ± kamu denetiminin kirlenmemiÅŸ kamu otoritelerinin hilesiz saydamlÄ±ÄŸÄ±n olduÄŸu Ã¼lkelerde bu dediÄŸiniz sorun yaratmaz ama bunun tersi bizim gibi Ã¼lkelerde kÃ¼Ã§Ã¼cÃ¼k k yatÄ±rÄ±mcÄ±nÄ±n soyulmasÄ±na yol aÃ§ar aÃ§Ä±yor da zaten,bu dediÄŸiniz borsalarÄ± Ã¼zerinde sÄ±kÄ± kamu denetiminin kirlenmemiÅŸ kamu otoritelerinin hilesiz saydamlÄ±ÄŸÄ±n olduÄŸu Ã¼lkelerde bu dediÄŸiniz sorun yaratmaz ama bunun tersi bizim gibi Ã¼lkelerde kÃ¼Ã§Ã¼cÃ¼k k yatÄ±rÄ±mcÄ±nÄ±n soyulmasÄ±na yol aÃ§ar aÃ§Ä±yor da zaten,bu dediÄŸiniz borsalarÄ± Ã¼zerinde sÄ±kÄ± kamu denetiminin kirlenmemiÅŸ kamu otoritelerinin hilesiz saydamlÄ±ÄŸÄ±n olduÄŸu Ã¼lkelerde bu dediÄŸiniz sorun yaratmaz ama bunun tersi bizim gibi Ã¼lkelerde kÃ¼Ã§Ã¼cÃ¼k k yatÄ±rÄ±mcÄ±nÄ±n soyulmasÄ±na yol aÃ§ar aÃ§Ä±yor da zaten,NÃ¶tr,0 - 25%,0.0,1.0,0.0,0.0
@mstrYoda_ Python da boÅŸ paket 1.4 egea o zaman,python da boÅŸ paket eÄŸer o zaman,python da boÅŸ paket eÄŸer o zaman,python da boÅŸ paket eÄŸer zaman,NÃ¶tr,0 - 25%,0.0,1.0,0.0,0.0
Ciddi olamazsÄ±n chatgpt .Keyloger yazdÄ±rdÄ±m python da tabi bunu yazmadan bazÄ± kritik konuÅŸmalarla aÅŸÄ±lmasÄ± gereken Ã¶nlemleri var.Yaz deyince yazmÄ±yor Ã§akalğŸ˜ https://t.co/9FaVS6UpmO,ciddi olamazsÄ±n chatgpt keyloger yazdÄ±rdÄ±m python da tabi bunu yazmadan bazÄ± kritik konuÅŸmalarla aÅŸÄ±lmasÄ± gereken Ã¶nlemleri var yaz deyince yazmÄ±yor Ã§akal,ciddi olamazsÄ±n chatgpt keyloger yazdÄ±rdÄ±m python da tabi bunu yazmadan bazÄ± kritik konuÅŸmalarla aÅŸÄ±lmasÄ± gereken Ã¶nlemleri var yaz deyince yazmÄ±yor Ã§akal,ciddi olamazsÄ±n chatgpt keyloger yazdÄ±rdÄ±m python da tabi bunu yazmadan bazÄ± kritik konuÅŸmalarla aÅŸÄ±lmasÄ± gereken Ã¶nlemleri var yaz deyince yazmÄ±yor Ã§akal,NÃ¶tr,0 - 25%,0.0,1.0,0.0,0.0
"@mstrYoda_ Python ise ToyotadÄ±r. Åehirde daÄŸda, sahilde, Ã§Ã¶lde her yere gidersiniz sizi yarÄ± yolda bÄ±rakmaz",python ise toyotadÄ±r ÅŸehirde daÄŸda sahilde Ã§Ã¶lde her yere gidersiniz sizi yarÄ± yolda bÄ±rakmaz,python ise toyotadÄ±r ÅŸehirde daÄŸda sahilde Ã§Ã¶lde her yere gidersiniz sizi yarÄ± yolda bÄ±rakmaz,python ise toyotadÄ±r ÅŸehirde daÄŸda sahilde Ã§Ã¶lde yere gidersiniz sizi yarÄ± yolda bÄ±rakmaz,NÃ¶tr,0 - 25%,0.0,1.0,0.0,0.0
@kivancozbilgic merhaba bu formÃ¼lÃ¼ python diline adapte edip al sat botu kodlamak istiyorum izniniz varsa formÃ¼l linkine eriÅŸim izni verebilir misiniz? teÅŸekkÃ¼rler bizimle indikatÃ¶rÃ¼nÃ¼zÃ¼ paylaÅŸtÄ±gÄ±nÄ±z iÃ§in,merhaba bu formÃ¼lÃ¼ python diline adapte edip al sat botu kodlamak istiyorum izniniz varsa formÃ¼l linkine eriÅŸim izni verebilir misiniz teÅŸekkÃ¼rler bizimle indikatÃ¶rÃ¼nÃ¼zÃ¼ paylaÅŸtÄ±ÄŸÄ±nÄ±z iÃ§in,merhaba bu formÃ¼lÃ¼ python diline adapte edip al sat botu kodlamak istiyorum izniniz varsa formÃ¼l linkine eriÅŸim izni verebilir misiniz teÅŸekkÃ¼rler bizimle indikatÃ¶rÃ¼nÃ¼zÃ¼ paylaÅŸtÄ±ÄŸÄ±nÄ±z iÃ§in,merhaba bu formÃ¼lÃ¼ python diline adapte edip al sat botu kodlamak istiyorum izniniz varsa formÃ¼l linkine eriÅŸim izni verebilir misiniz teÅŸekkÃ¼rler bizimle indikatÃ¶rÃ¼nÃ¼zÃ¼ paylaÅŸtÄ±ÄŸÄ±nÄ±z iÃ§in,NÃ¶tr,0 - 25%,0.0,1.0,0.0,0.0
OrtadoÄŸu halklarÄ±... https://t.co/W7XZyZakQl,ortadoÄŸu halklarÄ±,ortadoÄŸu halklarÄ±,ortadoÄŸu halklarÄ±,NÃ¶tr,0 - 25%,0.0,1.0,0.0,0.0
"Ã–ÄŸretmenlerimize YÃ¶nelik Mesleki Ã‡alÄ±ÅŸmalar ğŸ”

ğŸ’» Python ile Yapay ZekÃ¢ GiriÅŸ Kursu
 ğŸ”— Ã–ÄŸretmen BiliÅŸim AÄŸÄ± Ã¼zerinden gerÃ§ekleÅŸecektir.

ğŸ¯ https://t.co/bYq1Cex6R3

@tcmeb @istanbulilmem @halebagceozbas https://t.co/tK3pK26sfb",Ã¶ÄŸretmenlerimize yÃ¶nelik mesleki Ã§alÄ±ÅŸmalar python ile yapay zeka giriÅŸ kursu Ã¶ÄŸretmen biliÅŸim aÄŸÄ± Ã¼zerinden gerÃ§ekleÅŸecektir,Ã¶ÄŸretmenlerimize yÃ¶nelik mesleki Ã§alÄ±ÅŸmalar python ile yapay zeka giriÅŸ kursu Ã¶ÄŸretmen biliÅŸim aÄŸÄ± Ã¼zerinden gerÃ§ekleÅŸecektir,Ã¶ÄŸretmenlerimize yÃ¶nelik mesleki Ã§alÄ±ÅŸmalar python ile yapay zeka giriÅŸ kursu Ã¶ÄŸretmen biliÅŸim aÄŸÄ± Ã¼zerinden gerÃ§ekleÅŸecektir,NÃ¶tr,0 - 25%,0.0,1.0,0.0,0.0
@mercatorkure Bundan hepimiz mutsuzuz hocam,bundan hepimiz mutsuzuz hocam,bundan hepimiz mutsuzuz hocam,bundan hepimiz mutsuzuz hocam,NÃ¶tr,0 - 25%,0.0,1.0,0.0,0.0
"@bahdere Ã‡ok iyi ya ben de makale yazdÄ±rÄ±yorum konularÄ± araÅŸtÄ±rtÄ±yorum ğŸ˜… HayatÄ±mÄ± gÃ¼zelleÅŸtiren 3 ÅŸey: Python, Ui.path, Chatgpt",Ã§ok iyi ya ben de makale yazdÄ±rÄ±yorum konularÄ± araÅŸtÄ±rtÄ±yorum hayatÄ±mÄ± gÃ¼zelleÅŸtiren ÅŸey python uÄ± path chatgpt,Ã§ok iyi ya ben de makale yazdÄ±rÄ±yorum konularÄ± araÅŸtÄ±rtÄ±yorum hayatÄ±mÄ± gÃ¼zelleÅŸtiren ÅŸey python uÄ± path chatgpt,Ã§ok iyi ya ben de makale yazdÄ±rÄ±yorum konularÄ± araÅŸtÄ±rtÄ±yorum hayatÄ±mÄ± gÃ¼zelleÅŸtiren ÅŸey python uÄ± path chatgpt,NÃ¶tr,0 - 25%,0.0,1.0,0.0,0.0
"Åimdi, Python-Django bazlÄ± bir webmaster CMSâ€™i kullanÄ±yorum, siteler hissedilir derecede hÄ±zlandÄ±. AyrÄ±ca, artÄ±k EC2â€™deyim, orada Ã§ok ciddi bir fiyat farkÄ± yok ama ramâ€™e cpu gÃ¼cÃ¼nÃ¼ feda etmiÅŸ oldum.
Bu durumda bile aylÄ±k 15 dolar gidiyor web sitelerine.",ÅŸimdi python django bazlÄ± bir webmaster camisi Ä± kullanÄ±yorum siteler hissedilir derecede hÄ±zlandÄ± ayrÄ±ca artÄ±k ec deyim orada Ã§ok ciddi bir fiyat farkÄ± yok ama ram e cpu gÃ¼cÃ¼nÃ¼ feda etmiÅŸ oldum bu durumda bile aylÄ±k dolar gidiyor web sitelerine,ÅŸimdi python django bazlÄ± bir webmaster camisi Ä± kullanÄ±yorum siteler hissedilir derecede hÄ±zlandÄ± ayrÄ±ca artÄ±k ec deyim orada Ã§ok ciddi bir fiyat farkÄ± yok ama ram e cpu gÃ¼cÃ¼nÃ¼ feda etmiÅŸ oldum bu durumda bile aylÄ±k dolar gidiyor web sitelerine,ÅŸimdi python django bazlÄ± bir webmaster camisi Ä± kullanÄ±yorum siteler hissedilir derecede hÄ±zlandÄ± ayrÄ±ca artÄ±k ec deyim orada Ã§ok ciddi bir fiyat farkÄ± yok ama ram e cpu gÃ¼cÃ¼nÃ¼ feda etmiÅŸ oldum bu durumda bile aylÄ±k dolar gidiyor web sitelerine,NÃ¶tr,0 - 25%,0.0,1.0,0.0,0.0
@oktayarslan hoca sen ai programlama python falandan devam karÄ±ÅŸma buralara,hoca senai programlama python falandan devam karÄ±ÅŸma buralara,hoca senai programlama python falandan devam karÄ±ÅŸma buralara,hoca senai programlama python falandan devam karÄ±ÅŸma buralara,NÃ¶tr,0 - 25%,0.0,1.0,0.0,0.0
"@super__protocol 
[Python YarÄ±ÅŸmasÄ±] 40.000 Kazanmak Ä°Ã§in Bir Makine Ã–ÄŸrenimi Ã‡Ã¶zÃ¼mÃ¼ OluÅŸturun. bÃ¼yuk Ã¶dÃ¼llu  yariÅŸma devamÄ± makelde  ğŸ¥³ğŸ¥³ğŸ§ğŸ‘‡ğŸ‘‡ğŸ‘‡ 

#crypto #protocol #MATIC #Polygon #TEE #ConfidentialComputing

https://t.co/70LdJBjW1a",python yarÄ±ÅŸmasÄ± kazanmak iÃ§in bir makine Ã¶ÄŸrenimi Ã§Ã¶zÃ¼mÃ¼ oluÅŸturun bÃ¼yÃ¼k Ã¶dÃ¼llÃ¼ yarÄ±ÅŸma devamÄ± Pakel'de,python yarÄ±ÅŸmasÄ± kazanmak iÃ§in bir makine Ã¶ÄŸrenimi Ã§Ã¶zÃ¼mÃ¼ oluÅŸturun bÃ¼yÃ¼k Ã¶dÃ¼llÃ¼ yarÄ±ÅŸma devamÄ± Pakel'de,python yarÄ±ÅŸmasÄ± kazanmak iÃ§in bir makine Ã¶ÄŸrenimi Ã§Ã¶zÃ¼mÃ¼ oluÅŸturun bÃ¼yÃ¼k Ã¶dÃ¼llÃ¼ yarÄ±ÅŸma devamÄ± Pakel'de,NÃ¶tr,0 - 25%,0.0,1.0,0.0,0.0
"aynÄ± anda hem yapay zeka hem android hem de python Ã¼zerine proje geliÅŸtirmek istiyorum ama olmuyor, bi plan lazÄ±m buna",aynÄ± anda hem yapay zeka hem android hem de python Ã¼zerine proje geliÅŸtirmek istiyorum ama olmuyor bir plan lazÄ±m buna,aynÄ± anda hem yapay zeka hem android hem de python Ã¼zerine proje geliÅŸtirmek istiyorum ama olmuyor bir plan lazÄ±m buna,aynÄ± anda hem yapay zeka hem android hem de python Ã¼zerine proje geliÅŸtirmek istiyorum ama olmuyor bir plan lazÄ±m buna,NÃ¶tr,0 - 25%,0.0,1.0,0.0,0.0
yazÄ±lÄ±mcÄ±nÄ±zÄ± da sikiyim sizi de introduction to python kursu alan bill gates gibi geziyo etrafta https://t.co/QPJAIJlDDz,yazÄ±lÄ±mcÄ±nÄ±zÄ± da sikeyim sizi de introduction to python kursu alan bill gates gibi geziyor etrafta,yazÄ±lÄ±mcÄ±nÄ±zÄ± da sikeyim sizi de introduction to python kursu alan bill gates gibi geziyor etrafta,yazÄ±lÄ±mcÄ±nÄ±zÄ± da sikeyim sizi de introduction python kursu alan bill gates gibi geziyor etrafta,NÃ¶tr,0 - 25%,0.0,1.0,0.0,0.0
"TIOBE Index tarafÄ±ndan yapÄ±lan sÄ±ralamaya gÃ¶re en popÃ¼ler programlama dilleri arasÄ±nda Python birinci, C ikinci, C++ Ã¼Ã§Ã¼ncÃ¼ sÄ±rada yer alÄ±yorâ€¦ https://t.co/A18cAvA6S1",tÃ¶be Ä±ndex tarafÄ±ndan yapÄ±lan sÄ±ralamaya gÃ¶re en popÃ¼ler programlama dilleri arasÄ±nda python birinci c ikinci c Ã¼Ã§Ã¼ncÃ¼ sÄ±rada yer alÄ±yor,tÃ¶be Ä±ndex tarafÄ±ndan yapÄ±lan sÄ±ralamaya gÃ¶re en popÃ¼ler programlama dilleri arasÄ±nda python birinci c ikinci c Ã¼Ã§Ã¼ncÃ¼ sÄ±rada yer alÄ±yor,tÃ¶be Ä±ndex tarafÄ±ndan yapÄ±lan sÄ±ralamaya gÃ¶re en popÃ¼ler programlama dilleri arasÄ±nda python birinci c ikinci c Ã¼Ã§Ã¼ncÃ¼ sÄ±rada yer alÄ±yor,NÃ¶tr,0 - 25%,0.0,1.0,0.0,0.0
"GeleceÄŸin teknolojoisi ÅŸÃ¼phesiz #web3 ve #blockchain bunu Ã¶ngÃ¶rmek Ã§ok zor deÄŸil. Bu duruma bakarsak geleceÄŸin yazÄ±lÄ±m dilleri de C++, Go, Python, JavaScript ve Solidity olacaktÄ±r. Ã–zellikle #Solidity yazÄ±lÄ±m dilinin giderek kullanÄ±m olarak artacaÄŸÄ±nÄ± dÃ¼ÅŸÃ¼nÃ¼yorum. https://t.co/dTvUJF2eM6",geleceÄŸin teknolojisi ÅŸÃ¼phesiz ve bunu Ã¶ngÃ¶rmek Ã§ok zor deÄŸil bu duruma bakarsak geleceÄŸin yazÄ±lÄ±m dilleri de c go python javascript ve solidity olacaktÄ±r Ã¶zellikle yazÄ±lÄ±m dilinin giderek kullanÄ±m olarak artacaÄŸÄ±nÄ± dÃ¼ÅŸÃ¼nÃ¼yorum,geleceÄŸin teknolojisi ÅŸÃ¼phesiz ve bunu Ã¶ngÃ¶rmek Ã§ok zor deÄŸil bu duruma bakarsak geleceÄŸin yazÄ±lÄ±m dilleri de c go python javascript ve solidity olacaktÄ±r Ã¶zellikle yazÄ±lÄ±m dilinin giderek kullanÄ±m olarak artacaÄŸÄ±nÄ± dÃ¼ÅŸÃ¼nÃ¼yorum,geleceÄŸin teknolojisi ÅŸÃ¼phesiz bunu Ã¶ngÃ¶rmek Ã§ok zor deÄŸil bu duruma bakarsak geleceÄŸin yazÄ±lÄ±m dilleri de c go python javascript solidity olacaktÄ±r Ã¶zellikle yazÄ±lÄ±m dilinin giderek kullanÄ±m olarak artacaÄŸÄ±nÄ± dÃ¼ÅŸÃ¼nÃ¼yorum,NÃ¶tr,0 - 25%,0.0,1.0,0.0,0.0
@finance_python RahatsÄ±z olmamÄ±n  nedeni alamÄ±yor olmak . BÃ¼yÃ¼k arz denilen Astor bile almak zor .  Eski aÃ§Ä±k olan hisseler de Ã¼Ã§ beÅŸ tahtacÄ± sahiplenmis yaÅŸam hakki tanÄ±mÄ±yor.,rahatsÄ±z olmamÄ±n nedeni alamÄ±yor olmak bÃ¼yÃ¼k arz denilen astor bile almak zor eski aÃ§Ä±k olan hisseler de Ã¼Ã§ beÅŸ tahtacÄ± sahiplenmiÅŸ yaÅŸam hakkÄ± tanÄ±mÄ±yor,rahatsÄ±z olmamÄ±n nedeni alamÄ±yor olmak bÃ¼yÃ¼k arz denilen astor bile almak zor eski aÃ§Ä±k olan hisseler de Ã¼Ã§ beÅŸ tahtacÄ± sahiplenmiÅŸ yaÅŸam hakkÄ± tanÄ±mÄ±yor,rahatsÄ±z olmamÄ±n nedeni alamÄ±yor olmak bÃ¼yÃ¼k arz denilen astor bile almak zor eski aÃ§Ä±k olan hisseler de Ã¼Ã§ beÅŸ tahtacÄ± sahiplenmiÅŸ yaÅŸam hakkÄ± tanÄ±mÄ±yor,NÃ¶tr,0 - 25%,0.0,1.0,0.0,0.0
Hemen saldÄ±rÄ± makinemizden bir meterpreter exe hazÄ±rlÄ±yoruz ve python http sunucu ile yayÄ±nlÄ±yoruz. Kiosk makinesinden o adrese ulaÅŸÄ±p exe dosyasÄ±nÄ± indiriyoruz.,hemen saldÄ±rÄ± makinemizden bir meterpreter exe hazÄ±rlÄ±yoruz ve python http sunucu ile yayÄ±nlÄ±yoruz kiosk makinesinden o adrese ulaÅŸÄ±p exe dosyasÄ±nÄ± indiriyoruz,hemen saldÄ±rÄ± makinemizden bir meterpreter exe hazÄ±rlÄ±yoruz ve python http sunucu ile yayÄ±nlÄ±yoruz kiosk makinesinden o adrese ulaÅŸÄ±p exe dosyasÄ±nÄ± indiriyoruz,hemen saldÄ±rÄ± makinemizden bir meterpreter exe hazÄ±rlÄ±yoruz python http sunucu ile yayÄ±nlÄ±yoruz kiosk makinesinden adrese ulaÅŸÄ±p exe dosyasÄ±nÄ± indiriyoruz,NÃ¶tr,0 - 25%,0.0,1.0,0.0,0.0
"derin Ã¶ÄŸrenme, robotik proses alanlarÄ±nda fiziksel serverda, sanallaÅŸtÄ±rmada ve micro servis altyapÄ±larÄ±nda farklÄ± uygulamalar geliÅŸtirip, kendi servislerimizi hybrid olarak yÃ¶neteceÄŸimiz eÄŸtimimize baÅŸarÄ± ile devam ediyoruz.

#devops #python #docker #linux #kubernetes",derin Ã¶ÄŸrenme robotik proses alanlarÄ±nda fiziksel Server'de sanallaÅŸtÄ±rmada ve micro servis altyapÄ±larÄ±nda farklÄ± uygulamalar geliÅŸtirip kendi servislerimizi hybrid olarak yÃ¶neteceÄŸimiz eÄŸitimimize baÅŸarÄ± ile devam ediyoruz,derin Ã¶ÄŸrenme robotik proses alanlarÄ±nda fiziksel Server'de sanallaÅŸtÄ±rmada ve micro servis altyapÄ±larÄ±nda farklÄ± uygulamalar geliÅŸtirip kendi servislerimizi hybrid olarak yÃ¶neteceÄŸimiz eÄŸitimimize baÅŸarÄ± ile devam ediyoruz,derin Ã¶ÄŸrenme robotik proses alanlarÄ±nda fiziksel Server'de sanallaÅŸtÄ±rmada micro servis altyapÄ±larÄ±nda farklÄ± uygulamalar geliÅŸtirip kendi servislerimizi hybrid olarak yÃ¶neteceÄŸimiz eÄŸitimimize baÅŸarÄ± ile devam ediyoruz,NÃ¶tr,0 - 25%,0.0,1.0,0.0,0.0
"Yeni bir #bootcamp yeni bir adÄ±m. BoÅŸa giden zamanÄ±ma yanarÄ±m. 

#Data is loading... 
Welcome #Python ğŸ¤—",yeni bir yeni bir adÄ±m boÅŸa giden zamanÄ±ma yanarÄ±m is loading welcome,yeni bir yeni bir adÄ±m boÅŸa giden zamanÄ±ma yanarÄ±m is loading welcome,yeni bir yeni bir adÄ±m boÅŸa giden zamanÄ±ma yanarÄ±m loading welcome,Pozitif,%75 - %100,0.0,0.769,0.231,0.4588
@YedekPersona Shrek 3 gÃ¼zeldi  tam monty python komedisiydi,shrek gÃ¼zeldi tam monty python komedisiydi,shrek gÃ¼zeldi tam monty python komedisiydi,shrek gÃ¼zeldi tam monty python komedisiydi,NÃ¶tr,0 - 25%,0.0,1.0,0.0,0.0
"Åirketlerin halka arzÄ±ndan niye rahatsÄ±zlÄ±k duyuluyor
Vallahi enteresan
BeÄŸenmiyorsan almazsÄ±n
KÃ¼Ã§Ã¼k ÅŸirketse belki bÃ¼yÃ¼r ki borsada en bÃ¼yÃ¼k hikaye bÃ¼yÃ¼me zaten",ÅŸirketlerin halka arzÄ±ndan niye rahatsÄ±zlÄ±k duyuluyor vallahi enteresan beÄŸenmiyorsan almazsÄ±n kÃ¼Ã§Ã¼k ÅŸirketse belki bÃ¼yÃ¼r ki borsada en bÃ¼yÃ¼k hikÃ¢ye bÃ¼yÃ¼me zaten,ÅŸirketlerin halka arzÄ±ndan niye rahatsÄ±zlÄ±k duyuluyor vallahi enteresan beÄŸenmiyorsan almazsÄ±n kÃ¼Ã§Ã¼k ÅŸirketse belki bÃ¼yÃ¼r ki borsada en bÃ¼yÃ¼k hikÃ¢ye bÃ¼yÃ¼me zaten,ÅŸirketlerin halka arzÄ±ndan niye rahatsÄ±zlÄ±k duyuluyor vallahi enteresan beÄŸenmiyorsan almazsÄ±n kÃ¼Ã§Ã¼k ÅŸirketse belki bÃ¼yÃ¼r ki borsada en bÃ¼yÃ¼k hikÃ¢ye bÃ¼yÃ¼me zaten,NÃ¶tr,0 - 25%,0.0,1.0,0.0,0.0
"AvukatÄ±n dediÄŸini yap
YaptÄ±ÄŸÄ±nÄ± yapma https://t.co/0Cp4Qu8GYc",avukatÄ±n dediÄŸini yap yaptÄ±ÄŸÄ±nÄ± yapma,avukatÄ±n dediÄŸini yap yaptÄ±ÄŸÄ±nÄ± yapma,avukatÄ±n dediÄŸini yap yaptÄ±ÄŸÄ±nÄ± yapma,NÃ¶tr,0 - 25%,0.0,1.0,0.0,0.0
python'dan java'ya geÃ§erken ben https://t.co/9jCsCcNUMj,python dan java ya geÃ§erken ben,python dan java ya geÃ§erken ben,python dan java ya geÃ§erken ben,NÃ¶tr,0 - 25%,0.0,1.0,0.0,0.0
Baro sistemini kaldÄ±rÄ±p ÅŸirketleÅŸerek avukatlÄ±k ofislerini de halka aÃ§sak ne gÃ¼zel olur https://t.co/IMZ737WWTV,baro sistemini kaldÄ±rÄ±p ÅŸirketleÅŸerek avukatlÄ±k ofislerini de halka aÃ§sak ne gÃ¼zel olur,baro sistemini kaldÄ±rÄ±p ÅŸirketleÅŸerek avukatlÄ±k ofislerini de halka aÃ§sak ne gÃ¼zel olur,baro sistemini kaldÄ±rÄ±p ÅŸirketleÅŸerek avukatlÄ±k ofislerini de halka aÃ§sak ne gÃ¼zel olur,NÃ¶tr,0 - 25%,0.0,1.0,0.0,0.0
"Herkese tekrar merhaba :)
Ã–zellikle â€œSenior Python Developerâ€ pozisyonu Ã§ok talep gÃ¶rdÃ¼. Ben bir kiÅŸiye referans olacaÄŸÄ±m, aynÄ± pozisyona birden fazla kiÅŸi Ã¶nermem uygun olmaz. DÃ¼ÅŸÃ¼nÃ¼yorsanÄ±z direkt baÅŸvurabilirsiniz :) https://t.co/qXym9wUCnT",herkese tekrar merhaba Ã¶zellikle senior python developer pozisyonu Ã§ok talep gÃ¶rdÃ¼ ben bir kiÅŸiye referans olacaÄŸÄ±m aynÄ± pozisyona birden fazla kiÅŸi Ã¶nermem uygun olmaz dÃ¼ÅŸÃ¼nÃ¼yorsanÄ±z direkt baÅŸvurabilirsiniz,herkese tekrar merhaba Ã¶zellikle senior python developer pozisyonu Ã§ok talep gÃ¶rdÃ¼ ben bir kiÅŸiye referans olacaÄŸÄ±m aynÄ± pozisyona birden fazla kiÅŸi Ã¶nermem uygun olmaz dÃ¼ÅŸÃ¼nÃ¼yorsanÄ±z direkt baÅŸvurabilirsiniz,herkese tekrar merhaba Ã¶zellikle senior python developer pozisyonu Ã§ok talep gÃ¶rdÃ¼ ben bir kiÅŸiye referans olacaÄŸÄ±m aynÄ± pozisyona birden fazla kiÅŸi Ã¶nermem uygun olmaz dÃ¼ÅŸÃ¼nÃ¼yorsanÄ±z direkt baÅŸvurabilirsiniz,NÃ¶tr,0 - 25%,0.0,1.0,0.0,0.0
python ile bol if else'li terminalde Ã§alÄ±ÅŸan kÃ¼tÃ¼phane uygulamasÄ± yapÄ±nca :d https://t.co/Y9s3yxlLXz,python ile bol Ä±f elseli terminalde Ã§alÄ±ÅŸan kÃ¼tÃ¼phane uygulamasÄ± yapÄ±nca d,python ile bol Ä±f elseli terminalde Ã§alÄ±ÅŸan kÃ¼tÃ¼phane uygulamasÄ± yapÄ±nca d,python ile bol Ä±f elseli terminalde Ã§alÄ±ÅŸan kÃ¼tÃ¼phane uygulamasÄ± yapÄ±nca,NÃ¶tr,0 - 25%,0.0,1.0,0.0,0.0
Ä°lk Python paketimi @esesci abimin https://t.co/YOGxd0w5Sb 'inden aldÄ±ÄŸÄ±m ilhamla turkishid adÄ±yla pypi'de yayÄ±mladÄ±m. https://t.co/AfYvji5wLy,ilk python paketimi abimin inden aldÄ±ÄŸÄ±m ilhamla Turkish'in adÄ±yla pipi de yayÄ±mladÄ±m,ilk python paketimi abimin inden aldÄ±ÄŸÄ±m ilhamla Turkish'in adÄ±yla pipi de yayÄ±mladÄ±m,ilk python paketimi abimin inden aldÄ±ÄŸÄ±m ilhamla Turkish'in adÄ±yla pipi de yayÄ±mladÄ±m,NÃ¶tr,0 - 25%,0.0,1.0,0.0,0.0
"Java, C#, Ruby, Python, PHP gibi diller gibi VM Ã¼zerinde Ã§alÄ±ÅŸmadÄ±ÄŸÄ± iÃ§in AOP yapÄ±lamÄ±yor.

Compile anÄ±nda ASTâ€™yi ve dolayÄ±sÄ±yla koda manipÃ¼le eden bir yaklaÅŸÄ±m gÃ¶rdÃ¼m.

Belki native metotlarÄ± hooklayabilecek bir Ã§Ä±lgÄ±n varsa Go iÃ§in AOP yapabilir https://t.co/f7AZv7G7uH",java c ruby python php gibi diller gibi vm Ã¼zerinde Ã§alÄ±ÅŸmadÄ±ÄŸÄ± iÃ§in aop yapÄ±lamÄ±yor compile anÄ±nda ast yi ve dolayÄ±sÄ±yla koda manipÃ¼le eden bir yaklaÅŸÄ±m gÃ¶rdÃ¼m belki native metotlarÄ± Hook'lanabilecek bir Ã§Ä±lgÄ±n varsa go iÃ§in aop yapabilir,java c ruby python php gibi diller gibi vm Ã¼zerinde Ã§alÄ±ÅŸmadÄ±ÄŸÄ± iÃ§in aop yapÄ±lamÄ±yor compile anÄ±nda ast yi ve dolayÄ±sÄ±yla koda manipÃ¼le eden bir yaklaÅŸÄ±m gÃ¶rdÃ¼m belki native metotlarÄ± Hook'lanabilecek bir Ã§Ä±lgÄ±n varsa go iÃ§in aop yapabilir,java c ruby python php gibi diller gibi vm Ã¼zerinde Ã§alÄ±ÅŸmadÄ±ÄŸÄ± iÃ§in aop yapÄ±lamÄ±yor compile anÄ±nda ast yi dolayÄ±sÄ±yla koda manipÃ¼le eden bir yaklaÅŸÄ±m gÃ¶rdÃ¼m belki native metotlarÄ± Hook'lanabilecek bir Ã§Ä±lgÄ±n varsa go iÃ§in aop yapabilir,NÃ¶tr,0 - 25%,0.0,1.0,0.0,0.0
"@esesci @nixcraft Aa abi burda da karÅŸÄ±laÅŸtÄ±k. :D bu conventions beni yazÄ±lÄ±mdan soÄŸutacak, c++'ta farklÄ±, js'de farklÄ±, python zaten pad'e emanet.",aa abi burada da karÅŸÄ±laÅŸtÄ±k d bu Convention'a beni yazÄ±lÄ±mdan soÄŸutacak c ta farklÄ± js de farklÄ± python zaten pad e emanet,aa abi burada da karÅŸÄ±laÅŸtÄ±k d bu Convention'a beni yazÄ±lÄ±mdan soÄŸutacak c ta farklÄ± js de farklÄ± python zaten pad e emanet,aa abi burada da karÅŸÄ±laÅŸtÄ±k bu Convention'a beni yazÄ±lÄ±mdan soÄŸutacak c ta farklÄ± js de farklÄ± python zaten pad e emanet,NÃ¶tr,0 - 25%,0.0,1.0,0.0,0.0
"@albayrakturko @erturklab Halbuki bilgisayarlÄ± gÃ¶rÃ¼ teknolojisi kapsamÄ±nda opencv- Python 12-16 satÄ±r kodlama ile memleketteki bu dert toptan bitecek. Makamda var mÄ± ilgilisi, konuda dertlisi. Bir fiil Ã§ok ugrastÄ±m, tÄ±k yok.",halbuki bilgisayarlÄ± gÃ¶rÃ¼ teknolojisi kapsamÄ±nda Open'ce python satÄ±r kodlama ile memleketteki bu dert toptan bitecek makamda var mÄ± ilgilisi konuda dertlisi bir fiil Ã§ok uÄŸraÅŸtÄ±m tÄ±k yok,halbuki bilgisayarlÄ± gÃ¶rÃ¼ teknolojisi kapsamÄ±nda Open'ce python satÄ±r kodlama ile memleketteki bu dert toptan bitecek makamda var mÄ± ilgilisi konuda dertlisi bir fiil Ã§ok uÄŸraÅŸtÄ±m tÄ±k yok,halbuki bilgisayarlÄ± gÃ¶rÃ¼ teknolojisi kapsamÄ±nda Open'ce python satÄ±r kodlama ile memleketteki bu dert toptan bitecek makamda var mÄ± ilgilisi konuda dertlisi bir fiil Ã§ok uÄŸraÅŸtÄ±m tÄ±k yok,NÃ¶tr,%50 - %75,0.0,1.0,0.0,0.0
"Shiny ile Web UygulamasÄ± OluÅŸturma: Hisse Takip â€” 2

R ve Python ile yazdÄ±ÄŸÄ±mÄ±z hisse takibi web uygulamasÄ±nÄ±n yapÄ±mÄ±na devam ediyoruz.

https://t.co/K1syUoVj5s https://t.co/3NiBgOgVp9",shiny ile web uygulamasÄ± oluÅŸturma hisse takÄ±p r ve python ile yazdÄ±ÄŸÄ±mÄ±z hisse takibi web uygulamasÄ±nÄ±n yapÄ±mÄ±na devam ediyoruz,shiny ile web uygulamasÄ± oluÅŸturma hisse takÄ±p r ve python ile yazdÄ±ÄŸÄ±mÄ±z hisse takibi web uygulamasÄ±nÄ±n yapÄ±mÄ±na devam ediyoruz,shiny ile web uygulamasÄ± oluÅŸturma hisse takÄ±p r python ile yazdÄ±ÄŸÄ±mÄ±z hisse takibi web uygulamasÄ±nÄ±n yapÄ±mÄ±na devam ediyoruz,NÃ¶tr,0 - 25%,0.0,1.0,0.0,0.0
Python'dan DD beklerken DC almÄ±ÅŸÄ±m napsam ya yazÄ±lÄ±mcÄ± mÄ± olsam:),python dan dd beklerken dc almÄ±ÅŸÄ±m yapsam ya yazÄ±lÄ±mcÄ± mÄ± olsam,python dan dd beklerken dc almÄ±ÅŸÄ±m yapsam ya yazÄ±lÄ±mcÄ± mÄ± olsam,python dan dd beklerken dc almÄ±ÅŸÄ±m yapsam ya yazÄ±lÄ±mcÄ± mÄ± olsam,NÃ¶tr,0 - 25%,0.0,1.0,0.0,0.0
"Hafta sinu python calismam lazim, bunu da buraya yaziyorum eger calismazsam okuyup utaniyim diye :((",hafta sonu python Ã§alÄ±ÅŸmam lazÄ±m bunu da buraya yazÄ±yorum eÄŸer Ã§alÄ±ÅŸmazsam okuyup utanayÄ±m diye,hafta sonu python Ã§alÄ±ÅŸmam lazÄ±m bunu da buraya yazÄ±yorum eÄŸer Ã§alÄ±ÅŸmazsam okuyup utanayÄ±m diye,hafta sonu python Ã§alÄ±ÅŸmam lazÄ±m bunu da buraya yazÄ±yorum eÄŸer Ã§alÄ±ÅŸmazsam okuyup utanayÄ±m diye,NÃ¶tr,0 - 25%,0.0,1.0,0.0,0.0
Her yerde Python a laf edip iÅŸimi de onunla Ã§Ã¶zÃ¼yorum ayÄ±p bana,her yerde python a laf edip iÅŸimi de onunla Ã§Ã¶zÃ¼yorum ayÄ±p bana,her yerde python a laf edip iÅŸimi de onunla Ã§Ã¶zÃ¼yorum ayÄ±p bana,yerde python laf edip iÅŸimi de onunla Ã§Ã¶zÃ¼yorum ayÄ±p bana,NÃ¶tr,0 - 25%,0.0,1.0,0.0,0.0
"Ã–nÃ¼me aynÄ± 3 5 tweet dÃ¼ÅŸÃ¼p duruyor
En sonunda burayÄ± da bÄ±raktÄ±racaklar
Elon mahvetti",Ã¶nÃ¼me aynÄ± tweet dÃ¼ÅŸÃ¼p duruyor en sonunda burayÄ± da bÄ±raktÄ±racaklar elin mahvetti,Ã¶nÃ¼me aynÄ± tweet dÃ¼ÅŸÃ¼p duruyor en sonunda burayÄ± da bÄ±raktÄ±racaklar elin mahvetti,Ã¶nÃ¼me aynÄ± tweet dÃ¼ÅŸÃ¼p duruyor en sonunda burayÄ± da bÄ±raktÄ±racaklar elin mahvetti,NÃ¶tr,0 - 25%,0.0,1.0,0.0,0.0
"Python ile DijkstranÄ±n en kÄ±sa yolu bulma algoritmasÄ±
https://t.co/q1P3Buv2nr https://t.co/AqNBAtDOkF",python ile dijkstranÄ±n en kÄ±sa yolu bulma algoritmasÄ±,python ile dijkstranÄ±n en kÄ±sa yolu bulma algoritmasÄ±,python ile dijkstranÄ±n en kÄ±sa yolu bulma algoritmasÄ±,NÃ¶tr,0 - 25%,0.0,1.0,0.0,0.0
"Bilgisayar MÃ¼hendisliÄŸi yeni mezunum. C, SQL, Python, Linux, gÃ¶rÃ¼ntÃ¼ iÅŸleme , yapay zeka alanlarÄ±nda bilgim var. Kendimi gelistirebilecek bir firma arÄ±yorum

#is #bilgisayar_muhendisligi #ilan #",bilgisayar mÃ¼hendisliÄŸi yeni mezunum c sql python linux gÃ¶rÃ¼ntÃ¼ iÅŸleme yapay zeka alanlarÄ±nda bilgim var kendimi geliÅŸtirebilecek bir firma arÄ±yorum mÃ¼hendisliÄŸi,bilgisayar mÃ¼hendisliÄŸi yeni mezunum c sql python linux gÃ¶rÃ¼ntÃ¼ iÅŸleme yapay zeka alanlarÄ±nda bilgim var kendimi geliÅŸtirebilecek bir firma arÄ±yorum mÃ¼hendisliÄŸi,bilgisayar mÃ¼hendisliÄŸi yeni mezunum c sql python linux gÃ¶rÃ¼ntÃ¼ iÅŸleme yapay zeka alanlarÄ±nda bilgim var kendimi geliÅŸtirebilecek bir firma arÄ±yorum mÃ¼hendisliÄŸi,NÃ¶tr,0 - 25%,0.0,1.0,0.0,0.0
"@mstrYoda_ Bu zamana kadar profesyonel Java, C#, Python ve Go yazmis biri olarak, ben de kullanirken en rahat hissettigim dil olarak Goâ€™yu goruyorum.",bu zamana kadar profesyonel java c python ve go yazmÄ±ÅŸ biri olarak ben de kullanÄ±rken en rahat hissettiÄŸim dil olarak gÃ¶yÃ¼ gÃ¶rÃ¼yorum,bu zamana kadar profesyonel java c python ve go yazmÄ±ÅŸ biri olarak ben de kullanÄ±rken en rahat hissettiÄŸim dil olarak gÃ¶yÃ¼ gÃ¶rÃ¼yorum,bu zamana kadar profesyonel java c python go yazmÄ±ÅŸ biri olarak ben de kullanÄ±rken en rahat hissettiÄŸim dil olarak gÃ¶yÃ¼ gÃ¶rÃ¼yorum,NÃ¶tr,0 - 25%,0.0,1.0,0.0,0.0
"Merhabalar
Tatilinizi verimleÅŸtirebilmek ve ileriki hayatÄ±nÄ±za katkÄ± saÄŸlamak adÄ±na yeni bir eÄŸitim serisiyle karÅŸÄ±nÄ±zdayÄ±z!
â€œLearning Seriesâ€ ile alanÄ±nda uzman eÄŸitimcilerle mÃ¼hendislikte oldukÃ§a Ã¶nemli bilgisayar programlarÄ± olan Python, Matlab, ve Aspen+ eÄŸitimleri verilecek. https://t.co/6eNAtsLlum",merhabalar tatilinizi verimleÅŸtirebilmek ve ileriki hayatÄ±nÄ±za katkÄ± saÄŸlamak adÄ±na yeni bir eÄŸitim serisiyle karsÄ±nÄ±zdayÄ±z learning series ile alanÄ±nda uzman eÄŸitimcilerle mÃ¼hendislikte oldukÃ§a Ã¶nemli bilgisayar programlarÄ± olan python matla ve aspen eÄŸitimleri verilecek,merhabalar tatilinizi verimleÅŸtirebilmek ve ileriki hayatÄ±nÄ±za katkÄ± saÄŸlamak adÄ±na yeni bir eÄŸitim serisiyle karsÄ±nÄ±zdayÄ±z learning series ile alanÄ±nda uzman eÄŸitimcilerle mÃ¼hendislikte oldukÃ§a Ã¶nemli bilgisayar programlarÄ± olan python matla ve aspen eÄŸitimleri verilecek,merhabalar tatilinizi verimleÅŸtirebilmek ileriki hayatÄ±nÄ±za katkÄ± saÄŸlamak adÄ±na yeni bir eÄŸitim serisiyle karsÄ±nÄ±zdayÄ±z learning series ile alanÄ±nda uzman eÄŸitimcilerle mÃ¼hendislikte oldukÃ§a Ã¶nemli bilgisayar programlarÄ± olan python matla aspen eÄŸitimleri verilecek,NÃ¶tr,0 - 25%,0.0,1.0,0.0,0.0
Monty Python Kuranâ€™Ä± yazabilirdi ama Allah Life of Brianâ€™Ä± yazabilir miydi? Sanmam.,monty python kuranÄ± yazabilirdi ama allah life of brianÄ± yazabilir miydi sanmam,monty python kuranÄ± yazabilirdi ama allah life of brianÄ± yazabilir miydi sanmam,monty python kuranÄ± yazabilirdi ama allah life brianÄ± yazabilir miydi sanmam,NÃ¶tr,0 - 25%,0.0,1.0,0.0,0.0
"YaklaÅŸÄ±k 4 senedir severek Ã§alÄ±ÅŸtÄ±ÄŸÄ±m ÅŸirketimin Python developer ve Infra engineer gibi eleman arayÄ±ÅŸlarÄ± bulunuyor. Relocation imkanÄ± mÃ¼mkÃ¼n. Hollandaâ€™ya gelin birlikte berber fiyatlarÄ±na aÄŸlayalÄ±m ğŸ˜…
Ref bonusu alabilmem iÃ§in baÅŸvurmadan Ã¶nce DM ğŸ™Œ

https://t.co/uOf8uqJo9T",yaklaÅŸÄ±k senedir severek Ã§alÄ±ÅŸtÄ±ÄŸÄ±m ÅŸirketimin python developer ve infra engine gibi eleman arayÄ±ÅŸlarÄ± bulunuyor relocation imkanÄ± mÃ¼mkÃ¼n hollanda ya gelin birlikte berber fiyatlarÄ±na aÄŸlayalÄ±m ref bonusu alabilmem iÃ§in baÅŸvurmadan Ã¶nce dm,yaklaÅŸÄ±k senedir severek Ã§alÄ±ÅŸtÄ±ÄŸÄ±m ÅŸirketimin python developer ve infra engine gibi eleman arayÄ±ÅŸlarÄ± bulunuyor relocation imkanÄ± mÃ¼mkÃ¼n hollanda ya gelin birlikte berber fiyatlarÄ±na aÄŸlayalÄ±m ref bonusu alabilmem iÃ§in baÅŸvurmadan Ã¶nce dm,yaklaÅŸÄ±k senedir severek Ã§alÄ±ÅŸtÄ±ÄŸÄ±m ÅŸirketimin python developer infra engine gibi eleman arayÄ±ÅŸlarÄ± bulunuyor relocation imkanÄ± mÃ¼mkÃ¼n hollanda ya gelin birlikte berber fiyatlarÄ±na aÄŸlayalÄ±m ref bonusu alabilmem iÃ§in baÅŸvurmadan Ã¶nce dm,NÃ¶tr,0 - 25%,0.0,1.0,0.0,0.0
"Python ile Makine Ã–ÄŸrenmesi yeni video yayÄ±nda.

Twitter Analizi-3

Sentiment Analysis (Duygu Analizi) Nedir?

Ä°yi seyirler, iyi tatiller efendim...

https://t.co/R3EsIhcaSj https://t.co/AC6UiLOPGI",python ile makine Ã¶ÄŸrenmesi yeni video yayÄ±nda twitter analizi ÅŸentiment analysis duygu analizi nedir iyi seyirler iyi tatiller efendim,python ile makine Ã¶ÄŸrenmesi yeni video yayÄ±nda twitter analizi ÅŸentiment analysis duygu analizi nedir iyi seyirler iyi tatiller efendim,python ile makine Ã¶ÄŸrenmesi yeni video yayÄ±nda twitter analizi ÅŸentiment analysis duygu analizi nedir iyi seyirler iyi tatiller efendim,NÃ¶tr,0 - 25%,0.0,1.0,0.0,0.0
"Resmi Python dokumantasyonunun Turkce cevirisi yayinlanmis ğŸ‘
Her ne kadar yazilim icin Ingilizce bilmek cok onemli(ve hatta gerekli) olsa da teknolojiyi ulkenin her tarafina yaymak adina mukemmel bir adim!

Elini tasin altina koyan herkese tesekkurler ğŸ§ 

https://t.co/t3b3h3vyoc",resmi python dokÃ¼mantasyonunun tÃ¼rkÃ§e Ã§evirisi yayÄ±nlanmÄ±ÅŸ her ne kadar yazÄ±lÄ±m iÃ§in ingilizce bilmek Ã§ok Ã¶nemli ve hatta gerekli olsa da teknolojiyi Ã¼lkenin her tarafÄ±na yaymak adÄ±na mÃ¼kemmel bir adÄ±m elini taÅŸÄ±n altÄ±na koyan herkese teÅŸekkÃ¼rler,resmi python dokÃ¼mantasyonunun tÃ¼rkÃ§e Ã§evirisi yayÄ±nlanmÄ±ÅŸ her ne kadar yazÄ±lÄ±m iÃ§in ingilizce bilmek Ã§ok Ã¶nemli ve hatta gerekli olsa da teknolojiyi Ã¼lkenin her tarafÄ±na yaymak adÄ±na mÃ¼kemmel bir adÄ±m elini taÅŸÄ±n altÄ±na koyan herkese teÅŸekkÃ¼rler,resmi python dokÃ¼mantasyonunun tÃ¼rkÃ§e Ã§evirisi yayÄ±nlanmÄ±ÅŸ ne kadar yazÄ±lÄ±m iÃ§in ingilizce bilmek Ã§ok Ã¶nemli hatta gerekli olsa da teknolojiyi Ã¼lkenin tarafÄ±na yaymak adÄ±na mÃ¼kemmel bir adÄ±m elini taÅŸÄ±n altÄ±na koyan herkese teÅŸekkÃ¼rler,NÃ¶tr,0 - 25%,0.0,1.0,0.0,0.0
Python kadar basiniza kod dÃ¼ÅŸsÃ¼n,python kadar baÅŸÄ±nÄ±za kod dÃ¼ÅŸsÃ¼n,python kadar baÅŸÄ±nÄ±za kod dÃ¼ÅŸsÃ¼n,python kadar baÅŸÄ±nÄ±za kod dÃ¼ÅŸsÃ¼n,NÃ¶tr,0 - 25%,0.0,1.0,0.0,0.0
@akifkadioglu GÃ¼zel tespit ayrÄ±ca â€œbenim 3 yaÅŸÄ±ndaki kÄ±z da python Ã¶ÄŸreniyorâ€ sÃ¶ylemine maruz kalmamak iÃ§in hangi programlama dilini kullanÄ±yosun sorusuna asla python demem. O konuda java hala en havalÄ±sÄ± kimse hobi olsun diye yazmÄ±yor ğŸ˜„,gÃ¼zel tespit ayrÄ±ca benim yaÅŸÄ±ndaki kÄ±z da python Ã¶ÄŸreniyor sÃ¶ylemine maruz kalmamak iÃ§in hangi programlama dilini kullanÄ±yorsun sorusuna asla python demem o konuda java hala en havalÄ±sÄ± kimse hobi olsun diye yazmÄ±yor,gÃ¼zel tespit ayrÄ±ca benim yaÅŸÄ±ndaki kÄ±z da python Ã¶ÄŸreniyor sÃ¶ylemine maruz kalmamak iÃ§in hangi programlama dilini kullanÄ±yorsun sorusuna asla python demem o konuda java hala en havalÄ±sÄ± kimse hobi olsun diye yazmÄ±yor,gÃ¼zel tespit ayrÄ±ca benim yaÅŸÄ±ndaki kÄ±z da python Ã¶ÄŸreniyor sÃ¶ylemine maruz kalmamak iÃ§in hangi programlama dilini kullanÄ±yorsun sorusuna asla python demem konuda java hala en havalÄ±sÄ± kimse hobi olsun diye yazmÄ±yor,NÃ¶tr,0 - 25%,0.0,1.0,0.0,0.0
"@utkusen Keyworler ""C,C++, Python,API integration"" olarak deÄŸiÅŸirse win-win durumuna hazÄ±rÄ±mğŸ˜Š",keywÃ¶rler cc python api integration olarak deÄŸiÅŸirse win win durumuna hazÄ±rÄ±m,keywÃ¶rler cc python api integration olarak deÄŸiÅŸirse win win durumuna hazÄ±rÄ±m,keywÃ¶rler cc python api integration olarak deÄŸiÅŸirse win win durumuna hazÄ±rÄ±m,Pozitif,%25 - %50,0.0,0.542,0.458,0.8225
"Enerjiden falan anlamayÄ±z
BÃ¼tÃ¼n grubun kaderi iÃ§in kritik dÃ¶nem MayÄ±s...

Ä°ÅŸ BankasÄ±, enerjiye hÄ±zlÄ± girdi 38 ÅŸirkete birden ortak oldu https://t.co/fRByNBTiCa",enerjiden falan anlamayÄ±z bÃ¼tÃ¼n grubun kaderi iÃ§in kritik dÃ¶nem mayÄ±s iÅŸ bankasÄ± enerjiye hÄ±zlÄ± girdi ÅŸirkete birden ortak oldu,enerjiden falan anlamayÄ±z bÃ¼tÃ¼n grubun kaderi iÃ§in kritik dÃ¶nem mayÄ±s iÅŸ bankasÄ± enerjiye hÄ±zlÄ± girdi ÅŸirkete birden ortak oldu,enerjiden falan anlamayÄ±z bÃ¼tÃ¼n grubun kaderi iÃ§in kritik dÃ¶nem mayÄ±s iÅŸ bankasÄ± enerjiye hÄ±zlÄ± girdi ÅŸirkete birden ortak oldu,NÃ¶tr,0 - 25%,0.0,1.0,0.0,0.0
"MakuÅŸ bir seviyede alÄ±m fÄ±rsatÄ± doÄŸmuyor ki arz fiyatlarÄ±nÄ±n ne kadar doÄŸru olduÄŸu bile tartÄ±ÅŸÄ±lÄ±r
Zaten arzdan lot gelmiyor
Meraktan bile izahname okuyacak heves bÄ±rakmadÄ±lar
Her ÅŸeyin mi tadÄ± kaÃ§ar bir Ã¼lkede",makus bir seviyede alÄ±m fÄ±rsatÄ± dÃ¶ÄŸmÃ¼yor ki arz fiyatlarÄ±nÄ±n ne kadar doÄŸru olduÄŸu bile tartÄ±ÅŸÄ±lÄ±r zaten arzdan lot gelmiyor meraktan bile izahname okuyacak heves bÄ±rakmadÄ±lar her ÅŸeyin mi tadÄ± kaÃ§ar bir Ã¼lkede,makus bir seviyede alÄ±m fÄ±rsatÄ± dÃ¶ÄŸmÃ¼yor ki arz fiyatlarÄ±nÄ±n ne kadar doÄŸru olduÄŸu bile tartÄ±ÅŸÄ±lÄ±r zaten arzdan lot gelmiyor meraktan bile izahname okuyacak heves bÄ±rakmadÄ±lar her ÅŸeyin mi tadÄ± kaÃ§ar bir Ã¼lkede,makus bir seviyede alÄ±m fÄ±rsatÄ± dÃ¶ÄŸmÃ¼yor ki arz fiyatlarÄ±nÄ±n ne kadar doÄŸru olduÄŸu bile tartÄ±ÅŸÄ±lÄ±r zaten arzdan lot gelmiyor meraktan bile izahname okuyacak heves bÄ±rakmadÄ±lar ÅŸeyin mi tadÄ± kaÃ§ar bir Ã¼lkede,NÃ¶tr,0 - 25%,0.0,1.0,0.0,0.0
"12-19 Ocak Linkedin PaylaÅŸÄ±mlarÄ±m

https://t.co/HOjytvS98t

ğŸ”Š JavaScript EÄŸitimim / 24-27 Ocak
ğŸ”¥ Hemen kayÄ±t olun fiyat artÄ±ÅŸÄ±ndan etkilenmeyin

âœï¸ KayÄ±t ve Detaylar iÃ§in:
ğŸ”— https://t.co/XwMhPXDwgW

ğŸ·ï¸ #ZaferDemirkol #Ocak2023 #YapayZeka #Python #EÄŸitim #JavaScript",ocak linkedÄ±n paylaÅŸÄ±mlarÄ±m javascript eÄŸitimim ocak hemen kayÄ±t olun fiyat artÄ±ÅŸÄ±ndan etkilenmeyin kayÄ±t ve detaylar iÃ§in,ocak linkedÄ±n paylaÅŸÄ±mlarÄ±m javascript eÄŸitimim ocak hemen kayÄ±t olun fiyat artÄ±ÅŸÄ±ndan etkilenmeyin kayÄ±t ve detaylar iÃ§in,ocak linkedÄ±n paylaÅŸÄ±mlarÄ±m javascript eÄŸitimim ocak hemen kayÄ±t olun fiyat artÄ±ÅŸÄ±ndan etkilenmeyin kayÄ±t detaylar iÃ§in,NÃ¶tr,0 - 25%,0.0,1.0,0.0,0.0
"Google:
ÃœnlÃ¼ler hangi temettÃ¼ hisseleriyle zengin oluyor
Ã‡ikolatalÄ± temettÃ¼ tarifi
TemettÃ¼ ÅŸarkÄ± sÃ¶zleri
TemettÃ¼ dinle
TemettÃ¼ hangi bÃ¶lgede
TemettÃ¼ nikahÄ± caiz mi
TemettÃ¼ye zekat dÃ¼ÅŸer mi
KatÄ±lÄ±m temettÃ¼ hesabÄ±
TemettÃ¼ PolatlÄ± Ankara arsa fiyatlarÄ±
KÄ±smetse Olur TemettÃ¼nÃ¼n GÃ¼cÃ¼",google Ã¼nlÃ¼ler hangi temettÃ¼ hisseleriyle zengin oluyor Ã§ikolatalÄ± temettÃ¼ tarifi temettÃ¼ ÅŸarkÄ± sÃ¶zleri temettÃ¼ dinle temettÃ¼ hangi bÃ¶lgede temettÃ¼ nikahÄ± caiz mi temettÃ¼ye zekat dÃ¼ÅŸer mi katÄ±lÄ±m temettÃ¼ hesabÄ± temettÃ¼ polatlÄ± ankara arsa fiyatlarÄ± kÄ±smetse olur temettÃ¼nÃ¼n gÃ¼cÃ¼,google Ã¼nlÃ¼ler hangi temettÃ¼ hisseleriyle zengin oluyor Ã§ikolatalÄ± temettÃ¼ tarifi temettÃ¼ ÅŸarkÄ± sÃ¶zleri temettÃ¼ dinle temettÃ¼ hangi bÃ¶lgede temettÃ¼ nikahÄ± caiz mi temettÃ¼ye zekat dÃ¼ÅŸer mi katÄ±lÄ±m temettÃ¼ hesabÄ± temettÃ¼ polatlÄ± ankara arsa fiyatlarÄ± kÄ±smetse olur temettÃ¼nÃ¼n gÃ¼cÃ¼,google Ã¼nlÃ¼ler hangi temettÃ¼ hisseleriyle zengin oluyor Ã§ikolatalÄ± temettÃ¼ tarifi temettÃ¼ ÅŸarkÄ± sÃ¶zleri temettÃ¼ dinle temettÃ¼ hangi bÃ¶lgede temettÃ¼ nikahÄ± caiz mi temettÃ¼ye zekat dÃ¼ÅŸer mi katÄ±lÄ±m temettÃ¼ hesabÄ± temettÃ¼ polatlÄ± ankara arsa fiyatlarÄ± kÄ±smetse olur temettÃ¼nÃ¼n gÃ¼cÃ¼,NÃ¶tr,0 - 25%,0.0,1.0,0.0,0.0
"ne yazÄ±yon deyzem bize, java mÄ± yazÄ±yon python mÄ± yazÄ±yon deyzem benim (2087 anadolu programÄ±)",ne yazÄ±yorsun teyzem bize java mÄ± yazÄ±yorsun python mÄ± yazÄ±yorsun teyzem benim anadolu programÄ±,ne yazÄ±yorsun teyzem bize java mÄ± yazÄ±yorsun python mÄ± yazÄ±yorsun teyzem benim anadolu programÄ±,ne yazÄ±yorsun teyzem bize java mÄ± yazÄ±yorsun python mÄ± yazÄ±yorsun teyzem benim anadolu programÄ±,NÃ¶tr,0 - 25%,0.0,1.0,0.0,0.0
"JavaScript EÄŸitimim Haftaya BaÅŸlÄ±yor

ğŸ”¥ Hemen kayÄ±t olun fiyat artÄ±ÅŸÄ±ndan etkilenmeyin

âœï¸ KayÄ±t ve Detaylar iÃ§in:

ğŸ”— https://t.co/XwMhPXDwgW

ğŸ·ï¸ #ZaferDemirkol #Ocak2023 #YapayZeka #Python #EÄŸitim #JavaScript https://t.co/wmj8ROPYBB",javascript eÄŸitimim haftaya baÅŸlÄ±yor hemen kayÄ±t olun fiyat artÄ±ÅŸÄ±ndan etkilenmeyin kayÄ±t ve detaylar iÃ§in,javascript eÄŸitimim haftaya baÅŸlÄ±yor hemen kayÄ±t olun fiyat artÄ±ÅŸÄ±ndan etkilenmeyin kayÄ±t ve detaylar iÃ§in,javascript eÄŸitimim haftaya baÅŸlÄ±yor hemen kayÄ±t olun fiyat artÄ±ÅŸÄ±ndan etkilenmeyin kayÄ±t detaylar iÃ§in,NÃ¶tr,0 - 25%,0.0,1.0,0.0,0.0
"JavaScript EÄŸitimim Haftaya BaÅŸlÄ±yor

ğŸ”¥ Hemen kayÄ±t olun fiyat artÄ±ÅŸÄ±ndan etkilenmeyin

âœï¸ KayÄ±t ve Detaylar iÃ§in:

ğŸ”— https://t.co/XwMhPXDwgW

ğŸ·ï¸ #ZaferDemirkol #Ocak2023 #YapayZeka #Python #EÄŸitim #JavaScript",javascript eÄŸitimim haftaya baÅŸlÄ±yor hemen kayÄ±t olun fiyat artÄ±ÅŸÄ±ndan etkilenmeyin kayÄ±t ve detaylar iÃ§in,javascript eÄŸitimim haftaya baÅŸlÄ±yor hemen kayÄ±t olun fiyat artÄ±ÅŸÄ±ndan etkilenmeyin kayÄ±t ve detaylar iÃ§in,javascript eÄŸitimim haftaya baÅŸlÄ±yor hemen kayÄ±t olun fiyat artÄ±ÅŸÄ±ndan etkilenmeyin kayÄ±t detaylar iÃ§in,NÃ¶tr,0 - 25%,0.0,1.0,0.0,0.0
"E-Devlet'te bulunan bazÄ± eÄŸitimler:

- YabancÄ± dil eÄŸitimleri

- Arama motoru optimizasyonu ( SEO )

- 3ds Max ile modelleme

- Python ile programlama

- SQL 

- Excel eÄŸitimi https://t.co/b4aZZr3vQZ",e devlet te bulunan bazÄ± eÄŸitimler yabancÄ± dil eÄŸitimleri arama motoru optimizasyonu seo ds max ile modelleme python ile programlama sql excel eÄŸitimi,e devlet te bulunan bazÄ± eÄŸitimler yabancÄ± dil eÄŸitimleri arama motoru optimizasyonu seo ds max ile modelleme python ile programlama sql excel eÄŸitimi,e devlet te bulunan bazÄ± eÄŸitimler yabancÄ± dil eÄŸitimleri arama motoru optimizasyonu seo ds max ile modelleme python ile programlama sql excel eÄŸitimi,NÃ¶tr,0 - 25%,0.0,0.88,0.12,0.4588
python Ã¶ÄŸrenmek isteyenlere Ã¼cretsiz full kurs https://t.co/qziWb4Txjg,python Ã¶ÄŸrenmek isteyenlere Ã¼cretsiz full kurs,python Ã¶ÄŸrenmek isteyenlere Ã¼cretsiz full kurs,python Ã¶ÄŸrenmek isteyenlere Ã¼cretsiz full kurs,Pozitif,%50 - %75,0.0,1.0,0.0,0.0
"Demek ki temeller zayÄ±fmÄ±ÅŸ
Demek ki mÃ¼cadele etmeden elde edilen ÅŸeylerin kÄ±ymeti olmuyormuÅŸ
1 asÄ±r dayanamadÄ±
Yerle bir ettiler...",demek ki temeller zayÄ±fmÄ±ÅŸ demek ki mÃ¼cadele etmeden elde edilen ÅŸeylerin kÄ±ymeti olmuyormuÅŸ aÅŸÄ±r dayanamadÄ± yerle bir ettiler,demek ki temeller zayÄ±fmÄ±ÅŸ demek ki mÃ¼cadele etmeden elde edilen ÅŸeylerin kÄ±ymeti olmuyormuÅŸ aÅŸÄ±r dayanamadÄ± yerle bir ettiler,demek ki temeller zayÄ±fmÄ±ÅŸ demek ki mÃ¼cadele etmeden elde edilen ÅŸeylerin kÄ±ymeti olmuyormuÅŸ aÅŸÄ±r dayanamadÄ± yerle bir ettiler,NÃ¶tr,0 - 25%,0.0,1.0,0.0,0.0
"3 ay sonra 1 milyon yazÄ±lÄ±mcÄ± salacaÄŸÄ±z piyasaya.. pahalÄ± olan yazÄ±lÄ±mcÄ±larÄ± regÃ¼le edeceÄŸiz elhamdÃ¼lillah.. 

Not: bahsi geÃ§en sistemde izlenen eÄŸitim temel seviye python o da 225.000 kiÅŸi :) peÅŸi sÄ±ra gelen 12 eÄŸitimin toplam izlenmesi 1 milyonu bulmuyor.. bul da uygula :)) https://t.co/Is84Zg9Tf8",ay sonra milyon yazÄ±lÄ±mcÄ± salacÄ±k piyasaya pahalÄ± olan yazÄ±lÄ±mcÄ±larÄ± YegÃ¼l'e edecik elhamdÃ¼lillah not bahsi geÃ§en sistemde izlenen eÄŸitim temel seviye python o da kiÅŸi peÅŸi sÄ±ra gelen eÄŸitimin toplam izlenmesi milyonu bulmuyor bul da uygula,ay sonra milyon yazÄ±lÄ±mcÄ± salacÄ±k piyasaya pahalÄ± olan yazÄ±lÄ±mcÄ±larÄ± YegÃ¼l'e edecik elhamdÃ¼lillah not bahsi geÃ§en sistemde izlenen eÄŸitim temel seviye python o da kiÅŸi peÅŸi sÄ±ra gelen eÄŸitimin toplam izlenmesi milyonu bulmuyor bul da uygula,ay sonra milyon yazÄ±lÄ±mcÄ± salacÄ±k piyasaya pahalÄ± olan yazÄ±lÄ±mcÄ±larÄ± YegÃ¼l'e edecik elhamdÃ¼lillah bahsi geÃ§en sistemde izlenen eÄŸitim temel seviye python da kiÅŸi peÅŸi sÄ±ra gelen eÄŸitimin toplam izlenmesi milyonu bulmuyor bul da uygula,NÃ¶tr,0 - 25%,0.0,1.0,0.0,0.0
@tyfn04473859 bir strateji yazÄ±p python ve binance olur,bir strateji yazÄ±p python ve binince olur,bir strateji yazÄ±p python ve binince olur,bir strateji yazÄ±p python binince olur,NÃ¶tr,0 - 25%,0.0,1.0,0.0,0.0
"Tam bi ""yazÄ±lÄ±mdan anlamam ama konuya uzak olmiyim"" sÃ¶ylemidir Python, benim iÃ§in ""BoÄŸaziÃ§i TÄ±p"" ile aynÄ± segmenttedir.",tambi yazÄ±lÄ±mdan anlamam ama konuya uzak ol mÄ±yÄ±m sÃ¶ylemidir python benim iÃ§in boÄŸaziÃ§i tÄ±p ile aynÄ± segmenttedir,tambi yazÄ±lÄ±mdan anlamam ama konuya uzak ol mÄ±yÄ±m sÃ¶ylemidir python benim iÃ§in boÄŸaziÃ§i tÄ±p ile aynÄ± segmenttedir,tambi yazÄ±lÄ±mdan anlamam ama konuya uzak ol mÄ±yÄ±m sÃ¶ylemidir python benim iÃ§in boÄŸaziÃ§i tÄ±p ile aynÄ± segmenttedir,NÃ¶tr,0 - 25%,0.0,1.0,0.0,0.0
"@JetSosyeteBC R kullanan adam boÅŸ adamdÄ±r, akademik Ã§alÄ±ÅŸÄ±yordur Ã§Ã¼nkÃ¼. Python ve SQL hariÃ§ gerek yok baÅŸka bir ÅŸey bilmeye datayÄ± Ã§ek ve iÅŸle ikisi yetiyor. Uygulama cart curt direkt outsource et",r kullanan adam boÅŸ adamdÄ±r akademik Ã§alÄ±ÅŸÄ±yordur Ã§Ã¼nkÃ¼ python ve sql hariÃ§ gerek yok baÅŸka bir ÅŸey bilmeye datayÄ± Ã§ek ve iÅŸle ikisi yetiyor uygulama cart curt direkt outsource et,r kullanan adam boÅŸ adamdÄ±r akademik Ã§alÄ±ÅŸÄ±yordur Ã§Ã¼nkÃ¼ python ve sql hariÃ§ gerek yok baÅŸka bir ÅŸey bilmeye datayÄ± Ã§ek ve iÅŸle ikisi yetiyor uygulama cart curt direkt outsource et,r kullanan adam boÅŸ adamdÄ±r akademik Ã§alÄ±ÅŸÄ±yordur Ã§Ã¼nkÃ¼ python sql hariÃ§ gerek yok baÅŸka bir ÅŸey bilmeye datayÄ± Ã§ek iÅŸle ikisi yetiyor uygulama cart curt direkt outsource et,NÃ¶tr,0 - 25%,0.0,1.0,0.0,0.0
@mmatthew_kaya DÄ±ÅŸarÄ±dan programcÄ±lÄ±k Ã§alÄ±ÅŸan birisiyim az Ã§ok python ve kÃ¼tÃ¼phanelerine hakim sayÄ±lÄ±rÄ±m Ã¶nÃ¼mÃ¼zdeki sÃ¼reÃ§te tecrÃ¼belendikÃ§e katkÄ±m da artabilir. Ã‡orba da tuz misali faydamÄ±z olabilir. Ä°htiyaÃ§ varsa beni de yaz Ã¼stat,dÄ±ÅŸarÄ±dan programcÄ±lÄ±k Ã§alÄ±ÅŸan biriyim az Ã§ok python ve kÃ¼tÃ¼phanelerine hakim sayÄ±lÄ±rÄ±m Ã¶nÃ¼mÃ¼zdeki sÃ¼reÃ§te tecrÃ¼belendikÃ§e katkÄ±m da artabilir Ã§orba da tuz misali faydamÄ±z olabilir ihtiyaÃ§ varsa beni de yaz Ã¼stat,dÄ±ÅŸarÄ±dan programcÄ±lÄ±k Ã§alÄ±ÅŸan biriyim az Ã§ok python ve kÃ¼tÃ¼phanelerine hakim sayÄ±lÄ±rÄ±m Ã¶nÃ¼mÃ¼zdeki sÃ¼reÃ§te tecrÃ¼belendikÃ§e katkÄ±m da artabilir Ã§orba da tuz misali faydamÄ±z olabilir ihtiyaÃ§ varsa beni de yaz Ã¼stat,dÄ±ÅŸarÄ±dan programcÄ±lÄ±k Ã§alÄ±ÅŸan biriyim az Ã§ok python kÃ¼tÃ¼phanelerine hakim sayÄ±lÄ±rÄ±m Ã¶nÃ¼mÃ¼zdeki sÃ¼reÃ§te tecrÃ¼belendikÃ§e katkÄ±m da artabilir Ã§orba da tuz misali faydamÄ±z olabilir ihtiyaÃ§ varsa beni de yaz Ã¼stat,NÃ¶tr,0 - 25%,0.0,1.0,0.0,0.0
@mguludag Python Ä± sÄ±fÄ±rdan Ã¶ÄŸrensem kolay olurdu da hocam bildiÄŸim syntaxÄ± hatÄ±rlayamÄ±yorum ÅŸu an Pythonâ€™da Ã¶yle bi sÄ±kÄ±ntÄ± var ğŸ˜…,python Ä± sÄ±fÄ±rdan Ã¶ÄŸrensem kolay olurdu da hocam bildiÄŸim syntaxi hatÄ±rlayamÄ±yorum ÅŸu an python da Ã¶yle bir sÄ±kÄ±ntÄ± var,python Ä± sÄ±fÄ±rdan Ã¶ÄŸrensem kolay olurdu da hocam bildiÄŸim syntaxi hatÄ±rlayamÄ±yorum ÅŸu an python da Ã¶yle bir sÄ±kÄ±ntÄ± var,python Ä± sÄ±fÄ±rdan Ã¶ÄŸrensem kolay olurdu da hocam bildiÄŸim syntaxi hatÄ±rlayamÄ±yorum ÅŸu python da Ã¶yle bir sÄ±kÄ±ntÄ± var,NÃ¶tr,0 - 25%,0.0,1.0,0.0,0.0
@caglartaha1 Direkt python syntaxÄ± uÃ§tu kafamdan dkdjdjsj,direkt python syntaxi uÃ§tu kafamdan dkdjdjsj,direkt python syntaxi uÃ§tu kafamdan dkdjdjsj,direkt python syntaxi uÃ§tu kafamdan dkdjdjsj,NÃ¶tr,0 - 25%,0.0,1.0,0.0,0.0
@hizliemre26 Bu gidiÅŸle Python salÄ±p PHP'ye yÃ¶neleceÄŸim.,bu gidiÅŸle python salÄ±p php ye yÃ¶neleceÄŸim,bu gidiÅŸle python salÄ±p php ye yÃ¶neleceÄŸim,bu gidiÅŸle python salÄ±p php ye yÃ¶neleceÄŸim,NÃ¶tr,0 - 25%,0.0,1.0,0.0,0.0
"@scihan bugÃ¼n ilanda python yada coding ile ilgili birÅŸey yazmamasÄ±na raÄŸmen, 4. gÃ¶rÃ¼ÅŸme sonunda python bilmediÄŸim iÃ§in elendim :) eleyen ÅŸirket hollandada bir banka .. hepsi aynÄ±, ne aradÄ±klarÄ±nÄ± ve nasÄ±l eleyeceklerini ÅŸaÅŸÄ±rmÄ±ÅŸlar.",bugÃ¼n ilanda python yada Coming ile ilgili bir ÅŸey yazmamasÄ±na raÄŸmen gÃ¶rÃ¼ÅŸme sonunda python bilmediÄŸim iÃ§in elendim eleyen ÅŸirket hollandada bir banka hepsi aynÄ± ne aradÄ±klarÄ±nÄ± ve nasÄ±l eleyeceklerini ÅŸaÅŸÄ±rmÄ±ÅŸlar,bugÃ¼n ilanda python yada Coming ile ilgili bir ÅŸey yazmamasÄ±na raÄŸmen gÃ¶rÃ¼ÅŸme sonunda python bilmediÄŸim iÃ§in elendim eleyen ÅŸirket hollandada bir banka hepsi aynÄ± ne aradÄ±klarÄ±nÄ± ve nasÄ±l eleyeceklerini ÅŸaÅŸÄ±rmÄ±ÅŸlar,bugÃ¼n ilanda python yada Coming ile ilgili bir ÅŸey yazmamasÄ±na raÄŸmen gÃ¶rÃ¼ÅŸme sonunda python bilmediÄŸim iÃ§in elendim eleyen ÅŸirket hollandada bir banka hepsi aynÄ± ne aradÄ±klarÄ±nÄ± nasÄ±l eleyeceklerini ÅŸaÅŸÄ±rmÄ±ÅŸlar,NÃ¶tr,0 - 25%,0.0,1.0,0.0,0.0
Fazla C++/C yazmaktan Python yazamama hastalÄ±ÄŸÄ±na yakalanmÄ±ÅŸÄ±m her beÄŸeni bir geÃ§miÅŸ olsun ğŸ™,fazla cc yazmaktan python yazamama hastalÄ±ÄŸÄ±na yakalanmÄ±ÅŸÄ±m her beÄŸeni bir geÃ§miÅŸ olsun,fazla cc yazmaktan python yazamama hastalÄ±ÄŸÄ±na yakalanmÄ±ÅŸÄ±m her beÄŸeni bir geÃ§miÅŸ olsun,fazla cc yazmaktan python yazamama hastalÄ±ÄŸÄ±na yakalanmÄ±ÅŸÄ±m beÄŸeni bir geÃ§miÅŸ olsun,NÃ¶tr,0 - 25%,0.0,1.0,0.0,0.0
#Flutter a dosya ekle deyip hiÃ§ #Python dosyasÄ± atmÄ±ÅŸ birisi var mÄ±?,a dosya ekle deyip hiÃ§ dosyasÄ± atmÄ±ÅŸ biri var mÄ±,a dosya ekle deyip hiÃ§ dosyasÄ± atmÄ±ÅŸ biri var mÄ±,dosya ekle deyip hiÃ§ dosyasÄ± atmÄ±ÅŸ biri var mÄ±,NÃ¶tr,0 - 25%,0.0,1.0,0.0,0.0
Ne yapsam ne yapsam diyordum data structures and algorithmsâ€™i bi tur baÅŸtan python yazmak mantÄ±klÄ± gibi geldiâ€¦ Ã§ok mu 101 oldu yine ya Ã¼ff,ne yapsam ne yapsam diyordum data structÃ¼res and algorithms Ä± bir tÃ¼r baÅŸtan python yazmak mantÄ±klÄ± gibi geldi Ã§ok mu oldu yine ya off,ne yapsam ne yapsam diyordum data structÃ¼res and algorithms Ä± bir tÃ¼r baÅŸtan python yazmak mantÄ±klÄ± gibi geldi Ã§ok mu oldu yine ya off,ne yapsam ne yapsam diyordum data structÃ¼res algorithms Ä± bir tÃ¼r baÅŸtan python yazmak mantÄ±klÄ± gibi geldi Ã§ok mu oldu yine ya,NÃ¶tr,0 - 25%,0.0,1.0,0.0,0.0
@LikableTester82 @theresn0spoon @hytaleconverter @HytaleBotnet @FitMC python ile ilgili yardÄ±mÄ±n lazÄ±m steamden oyun felan atabilirim karÅŸÄ±lÄ±ÄŸÄ±nda,python ile ilgili yardÄ±mÄ±n lazÄ±m steamdan oyun falan atabilirim karÅŸÄ±lÄ±ÄŸÄ±nda,python ile ilgili yardÄ±mÄ±n lazÄ±m steamdan oyun falan atabilirim karÅŸÄ±lÄ±ÄŸÄ±nda,python ile ilgili yardÄ±mÄ±n lazÄ±m steamdan oyun falan atabilirim karÅŸÄ±lÄ±ÄŸÄ±nda,NÃ¶tr,0 - 25%,0.0,1.0,0.0,0.0
@AltugAkgul Ben arkadaki Python'a razÄ±yÄ±m,ben arkadaki python a razÄ±yÄ±m,ben arkadaki python a razÄ±yÄ±m,ben arkadaki python razÄ±yÄ±m,NÃ¶tr,0 - 25%,0.0,1.0,0.0,0.0
@ozkanaksular Ben bunu @onlyfibonacci hocanÄ±n videosu var ona bakarak Python ile yapmÄ±ÅŸtÄ±m. Binance'in bÃ¶yle tÃ¼m datayÄ± sunmasÄ± Ã§ok iyi bir ÅŸey. Sizden de C# ile nasÄ±l yapÄ±lÄ±r videolarÄ± gelse ne gÃ¼zel olur. :),ben bunu hocanÄ±n videosu var ona bakarak python ile yapmÄ±ÅŸtÄ±m binince in bÃ¶yle tÃ¼m datayÄ± sunmasÄ± Ã§ok iyi bir ÅŸey sizden de c ile nasÄ±l yapÄ±lÄ±r videolarÄ± gelse ne gÃ¼zel olur,ben bunu hocanÄ±n videosu var ona bakarak python ile yapmÄ±ÅŸtÄ±m binince in bÃ¶yle tÃ¼m datayÄ± sunmasÄ± Ã§ok iyi bir ÅŸey sizden de c ile nasÄ±l yapÄ±lÄ±r videolarÄ± gelse ne gÃ¼zel olur,ben bunu hocanÄ±n videosu var ona bakarak python ile yapmÄ±ÅŸtÄ±m binince bÃ¶yle tÃ¼m datayÄ± sunmasÄ± Ã§ok iyi bir ÅŸey sizden de c ile nasÄ±l yapÄ±lÄ±r videolarÄ± gelse ne gÃ¼zel olur,NÃ¶tr,0 - 25%,0.0,1.0,0.0,0.0
Kendimiz iÃ§in deÄŸil de birilerine her ay dÃ¼zenli haraÃ§ Ã¶deyelim diye Ã§alÄ±ÅŸÄ±p duruyoruz gibi,kendimiz iÃ§in deÄŸil de birilerine her ay dÃ¼zenli haraÃ§ Ã¶deyelim diye Ã§alÄ±ÅŸÄ±p duruyoruz gibi,kendimiz iÃ§in deÄŸil de birilerine her ay dÃ¼zenli haraÃ§ Ã¶deyelim diye Ã§alÄ±ÅŸÄ±p duruyoruz gibi,kendimiz iÃ§in deÄŸil de birilerine ay dÃ¼zenli haraÃ§ Ã¶deyelim diye Ã§alÄ±ÅŸÄ±p duruyoruz gibi,NÃ¶tr,0 - 25%,0.0,1.0,0.0,0.0
Bu klavyeden benim arkadaÅŸÄ±mda var. Telefonuna da Python'Ä± kurdu. Bilgisayar gibi kullanÄ±yor. Ã‡ok kullanÄ±ÅŸlÄ±. Ben de alacaÄŸÄ±mğŸ¤Œ https://t.co/9k9ukrSdPR,bu klavyeden benim arkadaÅŸÄ±mda var telefonuna da python Ä± kurdu bilgisayar gibi kullanÄ±yor Ã§ok kullanÄ±ÅŸlÄ± ben de alacaÄŸÄ±m,bu klavyeden benim arkadaÅŸÄ±mda var telefonuna da python Ä± kurdu bilgisayar gibi kullanÄ±yor Ã§ok kullanÄ±ÅŸlÄ± ben de alacaÄŸÄ±m,bu klavyeden benim arkadaÅŸÄ±mda var telefonuna da python Ä± kurdu bilgisayar gibi kullanÄ±yor Ã§ok kullanÄ±ÅŸlÄ± ben de alacaÄŸÄ±m,NÃ¶tr,0 - 25%,0.0,1.0,0.0,0.0
@BorsaKaplani888 VSCode Ã¼zerinde Python ve JavaScript yazsÄ±n.,vscide Ã¼zerinde python ve javascript yazsÄ±n,vscide Ã¼zerinde python ve javascript yazsÄ±n,vscide Ã¼zerinde python javascript yazsÄ±n,NÃ¶tr,0 - 25%,0.0,1.0,0.0,0.0
"E-Devlet'te bulunan bazÄ± eÄŸitimler:

- YabancÄ± dil eÄŸitimleri

- Arama motoru optimizasyonu ( SEO )

- 3ds Max ile modelleme

- Python ile programlama

- SQL 

- Excel eÄŸitimi https://t.co/pUU7x8bUv5",e devlet te bulunan bazÄ± eÄŸitimler yabancÄ± dil eÄŸitimleri arama motoru optimizasyonu seo ds max ile modelleme python ile programlama sql excel eÄŸitimi,e devlet te bulunan bazÄ± eÄŸitimler yabancÄ± dil eÄŸitimleri arama motoru optimizasyonu seo ds max ile modelleme python ile programlama sql excel eÄŸitimi,e devlet te bulunan bazÄ± eÄŸitimler yabancÄ± dil eÄŸitimleri arama motoru optimizasyonu seo ds max ile modelleme python ile programlama sql excel eÄŸitimi,NÃ¶tr,0 - 25%,0.0,0.88,0.12,0.4588
"Tavsiye: Python, MATLAB ve R dÄ±ÅŸÄ±nda (ki bunlar da esnetilmiÅŸ sÄ±nÄ±rlar) programlama dili kullanan erkeÄŸin yanÄ±na yaklaÅŸmamak lazÄ±m",tavsiye python matla ver dÄ±ÅŸÄ±nda ki bunlar da esnetinmiÅŸ sÄ±nÄ±rlar programlama dili kullanan erkeÄŸin yanÄ±na yaklaÅŸmamak lazÄ±m,tavsiye python matla ver dÄ±ÅŸÄ±nda ki bunlar da esnetinmiÅŸ sÄ±nÄ±rlar programlama dili kullanan erkeÄŸin yanÄ±na yaklaÅŸmamak lazÄ±m,tavsiye python matla ver dÄ±ÅŸÄ±nda ki bunlar da esnetinmiÅŸ sÄ±nÄ±rlar programlama dili kullanan erkeÄŸin yanÄ±na yaklaÅŸmamak lazÄ±m,NÃ¶tr,0 - 25%,0.0,1.0,0.0,0.0
